location_key,population,population_male,population_female,population_rural,population_urban,population_largest_city,population_clustered,population_density,human_development_index,population_age_00_09,population_age_10_19,population_age_20_29,population_age_30_39,population_age_40_49,population_age_50_59,population_age_60_69,population_age_70_79,population_age_80_and_older
AD,77265,58625,55581,9269,67873,NA,NA,164.394,0.858,9370,12022,10727,12394,21001,20720,14433,8657,4881
AE,9890400,6836349,3054051,1290785,8479744,2833079,5914068,118.306,0.863,1011713,842991,2149343,3169314,1608109,797913,242707,55884,12426
AF,38928341,19976265,18952076,28244481,9797273,4114030,4114030,59.627,0.498,11088732,9821559,7035871,4534646,2963459,1840198,1057496,480455,105925
AF_BAL,1509183,NA,NA,NA,NA,NA,NA,NA,NA,NA,NA,NA,NA,NA,NA,NA,NA,NA
AF_BAM,495557,NA,NA,NA,NA,NA,NA,NA,NA,NA,NA,NA,NA,NA,NA,NA,NA,NA
AF_BDG,549583,NA,NA,NA,NA,NA,NA,NA,NA,NA,NA,NA,NA,NA,NA,NA,NA,NA
AF_BDS,1054087,NA,NA,NA,NA,NA,NA,NA,NA,NA,NA,NA,NA,NA,NA,NA,NA,NA
AF_BGL,1014634,NA,NA,NA,NA,NA,NA,NA,NA,NA,NA,NA,NA,NA,NA,NA,NA,NA
AF_DAY,516504,NA,NA,NA,NA,NA,NA,NA,NA,NA,NA,NA,NA,NA,NA,NA,NA,NA
AF_FRA,563026,NA,NA,NA,NA,NA,NA,NA,NA,NA,NA,NA,NA,NA,NA,NA,NA,NA
AF_FYB,1109223,NA,NA,NA,NA,NA,NA,NA,NA,NA,NA,NA,NA,NA,NA,NA,NA,NA
AF_GHA,1362504,NA,NA,NA,NA,NA,NA,NA,NA,NA,NA,NA,NA,NA,NA,NA,NA,NA
AF_GHO,764472,NA,NA,NA,NA,NA,NA,NA,NA,NA,NA,NA,NA,NA,NA,NA,NA,NA
AF_HEL,1446230,NA,NA,NA,NA,NA,NA,NA,NA,NA,NA,NA,NA,NA,NA,NA,NA,NA
AF_HER,1762157,NA,NA,NA,NA,NA,NA,NA,NA,NA,NA,NA,NA,NA,NA,NA,NA,NA
AF_JOW,613481,NA,NA,NA,NA,NA,NA,NA,NA,NA,NA,NA,NA,NA,NA,NA,NA,NA
AF_KAB,4012000,NA,NA,NA,NA,NA,NA,NA,NA,NA,NA,NA,NA,NA,NA,NA,NA,NA
AF_KAN,1431876,NA,NA,NA,NA,NA,NA,NA,NA,NA,NA,NA,NA,NA,NA,NA,NA,NA
AF_KAP,399500,NA,NA,NA,NA,NA,NA,NA,NA,NA,NA,NA,NA,NA,NA,NA,NA,NA
AF_KDZ,820000,NA,NA,NA,NA,NA,NA,NA,NA,NA,NA,NA,NA,NA,NA,NA,NA,NA
AF_KHO,647730,NA,NA,NA,NA,NA,NA,NA,NA,NA,NA,NA,NA,NA,NA,NA,NA,NA
AF_KNR,578500,NA,NA,NA,NA,NA,NA,NA,NA,NA,NA,NA,NA,NA,NA,NA,NA,NA
AF_LAG,4035000,NA,NA,NA,NA,NA,NA,NA,NA,NA,NA,NA,NA,NA,NA,NA,NA,NA
AF_LOG,442037,NA,NA,NA,NA,NA,NA,NA,NA,NA,NA,NA,NA,NA,NA,NA,NA,NA
AF_NAN,1735531,NA,NA,NA,NA,NA,NA,NA,NA,NA,NA,NA,NA,NA,NA,NA,NA,NA
AF_NIM,149000,NA,NA,NA,NA,NA,NA,NA,NA,NA,NA,NA,NA,NA,NA,NA,NA,NA
AF_NUR,160000,NA,NA,NA,NA,NA,NA,NA,NA,NA,NA,NA,NA,NA,NA,NA,NA,NA
AF_PAN,172895,NA,NA,NA,NA,NA,NA,NA,NA,NA,NA,NA,NA,NA,NA,NA,NA,NA
AF_PAR,664502,NA,NA,NA,NA,NA,NA,NA,NA,NA,NA,NA,NA,NA,NA,NA,NA,NA
AF_PIA,4992000,NA,NA,NA,NA,NA,NA,NA,NA,NA,NA,NA,NA,NA,NA,NA,NA,NA
AF_PKA,393800,NA,NA,NA,NA,NA,NA,NA,NA,NA,NA,NA,NA,NA,NA,NA,NA,NA
AF_SAM,438235,NA,NA,NA,NA,NA,NA,NA,NA,NA,NA,NA,NA,NA,NA,NA,NA,NA
AF_SAR,532000,NA,NA,NA,NA,NA,NA,NA,NA,NA,NA,NA,NA,NA,NA,NA,NA,NA
AF_TAK,1113173,NA,NA,NA,NA,NA,NA,NA,NA,NA,NA,NA,NA,NA,NA,NA,NA,NA
AF_URU,436079,NA,NA,NA,NA,NA,NA,NA,NA,NA,NA,NA,NA,NA,NA,NA,NA,NA
AF_WAR,656720,NA,NA,NA,NA,NA,NA,NA,NA,NA,NA,NA,NA,NA,NA,NA,NA,NA
AF_ZAB,391150,NA,NA,NA,NA,NA,NA,NA,NA,NA,NA,NA,NA,NA,NA,NA,NA,NA
AG,97928,47269,50659,73318,23800,NA,NA,222.564,0.78,14583,13867,14894,14094,13860,12832,8043,4101,1654
AI,15002,7151,7971,NA,NA,NA,NA,166.689,NA,2196,2146,2005,2081,2187,2214,1351,641,301
AL,2862427,1429594,1432833,1106598,1747593,484624,NA,99.6,0.764,319074,381542,474360,366807,339697,398271,315510,190753,52224
AM,2963234,1393747,1569487,1087883,1869848,1083323,1083323,104.083,0.743,418859,368930,408924,503953,353088,362653,328402,126743,91682
AN,197041,NA,NA,NA,NA,NA,NA,NA,NA,NA,NA,NA,NA,NA,NA,NA,NA,NA
AO,32866267,16260870,16605398,10764270,21061025,8044735,8044735,26.363,0.581,10899168,7881779,5306037,3699729,2412735,1464602,785897,331729,84592
AQ,4400,NA,NA,NA,NA,NA,NA,NA,NA,NA,NA,NA,NA,NA,NA,NA,NA,NA
AR,44938712,19523766,20593330,3599141,41339571,15057273,19280518,16.515,0.825,6718871,7045513,6430658,5777148,4507125,3911943,2914251,1817557,994030
AR_A,1406584,597153,617288,NA,NA,NA,NA,NA,NA,246065,261488,195173,167022,123269,98706,66931,38550,16292
AR_A_007,57411,29400,28011,NA,NA,NA,NA,NA,NA,12724,13340,9289,7579,5440,4234,2628,1561,176
AR_A_014,7315,3719,3596,NA,NA,NA,NA,NA,NA,1561,1840,906,929,676,562,434,264,242
AR_A_021,14850,7388,7462,NA,NA,NA,NA,NA,NA,2992,3067,2411,2142,1516,1208,818,479,7960
AR_A_028,536113,256830,279283,NA,NA,NA,NA,NA,NA,97095,105860,90348,77614,57700,46881,32751,18828,425
AR_A_035,35789,17991,17798,NA,NA,NA,NA,NA,NA,8007,8009,6077,5048,3252,2487,1642,924,312
AR_A_042,20710,10366,10344,NA,NA,NA,NA,NA,NA,4203,4623,3276,2798,1916,1564,1232,754,570
AR_A_049,47226,23521,23705,NA,NA,NA,NA,NA,NA,9011,10527,7539,6488,4761,3884,2713,1676,1351
AR_A_056,156910,78338,78572,NA,NA,NA,NA,NA,NA,36091,35807,24221,21233,15482,11855,6946,3786,187
AR_A_070,5987,2905,3082,NA,NA,NA,NA,NA,NA,1505,1578,799,581,500,429,345,157,136
AR_A_077,7763,3957,3806,NA,NA,NA,NA,NA,NA,1517,1564,1178,1189,831,655,476,235,115
AR_A_098,7435,3728,3707,NA,NA,NA,NA,NA,NA,1475,1607,1127,940,667,649,476,343,146
AR_A_105,6050,3127,2923,NA,NA,NA,NA,NA,NA,1535,1523,1000,767,536,332,207,108,783
AR_A_112,40351,20079,20272,NA,NA,NA,NA,NA,NA,7297,8874,6231,5197,3960,3699,2589,1676,165
AR_A_119,5652,2785,2867,NA,NA,NA,NA,NA,NA,1330,1535,659,624,478,348,319,245,1162
AR_A_126,138838,69698,69140,NA,NA,NA,NA,NA,NA,31451,32517,21890,18387,13482,10364,6293,3266,241
AR_A_133,30357,15779,14578,NA,NA,NA,NA,NA,NA,8376,7355,4483,3541,2513,1819,1284,725,487
AR_A_140,28993,14286,14707,NA,NA,NA,NA,NA,NA,5544,6203,3999,3776,3057,2720,1974,1162,502
AR_A_147,38702,19253,19449,NA,NA,NA,NA,NA,NA,8018,8687,6212,5024,3865,2892,2140,1322,137
AR_A_154,7016,3538,3478,NA,NA,NA,NA,NA,NA,1540,1642,948,832,684,522,422,283,145
AR_A_161,10344,5040,5304,NA,NA,NA,NA,NA,NA,2586,2894,1167,1028,936,697,555,330,697
AR_B,17370144,7604581,8020503,NA,NA,NA,NA,NA,NA,2580390,2616716,2477340,2264343,1802369,1555319,1181362,742789,404459
AR_B_007,17072,8405,8667,NA,NA,NA,NA,NA,NA,2259,2791,1979,2252,2213,1971,1736,1251,620
AR_B_014,12047,5909,6138,NA,NA,NA,NA,NA,NA,1782,2034,1442,1543,1428,1344,1150,818,506
AR_B_021,10654,5181,5473,NA,NA,NA,NA,NA,NA,1555,1495,1282,1364,1187,1324,1063,856,528
AR_B_028,552902,270247,282655,NA,NA,NA,NA,NA,NA,96785,101119,91567,78290,62811,53461,37006,21519,10344
AR_B_035,342677,162264,180413,NA,NA,NA,NA,NA,NA,49126,49648,51744,50599,40425,37933,29997,20831,12374
AR_B_042,20337,9985,10352,NA,NA,NA,NA,NA,NA,3360,3391,2770,2551,2324,2056,1851,1228,806
AR_B_049,65280,31648,33632,NA,NA,NA,NA,NA,NA,10141,10487,8501,8833,7612,7019,6231,3962,2494
AR_B_056,301572,144648,156924,NA,NA,NA,NA,NA,NA,42349,44900,51987,42360,35123,31240,25596,17255,10762
AR_B_063,43823,21520,22303,NA,NA,NA,NA,NA,NA,6382,6883,6249,5947,5232,4823,3914,2776,1617
AR_B_070,32761,16193,16568,NA,NA,NA,NA,NA,NA,5409,5426,4716,4669,3755,3354,2618,1749,1065
AR_B_077,29044,13979,15065,NA,NA,NA,NA,NA,NA,4652,4905,4144,3881,3422,2959,2431,1629,1021
AR_B_084,20239,10239,10000,NA,NA,NA,NA,NA,NA,3183,3250,2699,2712,2454,2104,1863,1263,711
AR_B_091,324244,158608,165636,NA,NA,NA,NA,NA,NA,56370,56688,52941,48250,37423,31171,22897,12883,5621
AR_B_098,88470,43012,45458,NA,NA,NA,NA,NA,NA,14508,14724,14129,12738,10382,8794,6660,4346,2189
AR_B_105,34190,16828,17362,NA,NA,NA,NA,NA,NA,4731,5204,4355,4379,3903,3765,3568,2649,1636
AR_B_112,41336,20025,21311,NA,NA,NA,NA,NA,NA,6190,6464,5079,5336,4864,4734,3913,2924,1832
AR_B_119,26367,13064,13303,NA,NA,NA,NA,NA,NA,5046,4515,4012,3786,2872,2447,1914,1154,621
AR_B_126,94461,47271,47190,NA,NA,NA,NA,NA,NA,16847,16299,15223,13889,11120,9119,6415,3684,1865
AR_B_134,51892,25920,25972,NA,NA,NA,NA,NA,NA,10064,9578,8104,7581,5703,4780,3356,1820,906
AR_B_140,14494,7058,7436,NA,NA,NA,NA,NA,NA,2320,2444,2234,1966,1665,1457,1128,800,480
AR_B_147,22237,10856,11381,NA,NA,NA,NA,NA,NA,3532,3640,2790,2955,2743,2269,2012,1406,890
AR_B_154,11570,5806,5764,NA,NA,NA,NA,NA,NA,1786,1861,1373,1618,1327,1202,1162,797,444
AR_B_161,14692,7328,7364,NA,NA,NA,NA,NA,NA,2438,2354,2149,1991,1756,1570,1224,756,454
AR_B_168,8205,3997,4208,NA,NA,NA,NA,NA,NA,1246,1387,1092,1133,985,839,712,515,296
AR_B_175,24890,12109,12781,NA,NA,NA,NA,NA,NA,3866,4101,3535,3182,3044,2702,2081,1493,886
AR_B_182,62152,30413,31739,NA,NA,NA,NA,NA,NA,10275,10205,9627,9419,6911,6030,4955,3044,1686
AR_B_189,15825,7701,8124,NA,NA,NA,NA,NA,NA,2196,2395,1927,1918,1934,1786,1668,1242,759
AR_B_196,22933,11115,11818,NA,NA,NA,NA,NA,NA,3381,3911,2800,2837,2874,2530,2175,1483,942
AR_B_203,38320,18752,19568,NA,NA,NA,NA,NA,NA,5405,5957,5129,5169,4855,4297,3624,2512,1372
AR_B_210,48703,23690,25013,NA,NA,NA,NA,NA,NA,7366,7480,6325,6949,5572,5223,4625,3260,1903
AR_B_217,42277,20707,21570,NA,NA,NA,NA,NA,NA,7194,6892,6096,5985,4636,4435,3512,2266,1261
AR_B_224,64185,30744,33441,NA,NA,NA,NA,NA,NA,9622,9423,8135,8634,7558,7232,6296,4504,2781
AR_B_231,16889,8402,8487,NA,NA,NA,NA,NA,NA,2809,2959,2244,2221,1944,1791,1500,902,519
AR_B_238,27042,13061,13981,NA,NA,NA,NA,NA,NA,4206,4576,3581,3634,3275,2767,2411,1666,926
AR_B_245,56729,27790,28939,NA,NA,NA,NA,NA,NA,9866,9484,9014,7970,6281,5850,4164,2692,1408
AR_B_252,213619,106017,107602,NA,NA,NA,NA,NA,NA,40720,40406,35162,32060,24864,19158,12567,6013,2669
AR_B_260,300959,147980,152979,NA,NA,NA,NA,NA,NA,55723,55857,51592,45171,34044,27207,17981,9093,4291
AR_B_266,29805,14923,14882,NA,NA,NA,NA,NA,NA,5377,5330,4616,4426,3518,2719,2085,1133,601
AR_B_270,163722,81902,81820,NA,NA,NA,NA,NA,NA,32656,32028,28995,25331,17529,13280,8067,4030,1806
AR_B_274,426005,212909,213096,NA,NA,NA,NA,NA,NA,85412,87003,73368,62512,45092,34172,22774,11510,4162
AR_B_277,8869,4419,4450,NA,NA,NA,NA,NA,NA,1514,1599,1183,1123,1065,913,740,449,283
AR_B_280,39594,19404,20190,NA,NA,NA,NA,NA,NA,6662,6611,5398,5419,4605,3985,3427,2190,1297
AR_B_287,11130,6280,4850,NA,NA,NA,NA,NA,NA,1545,1768,1967,1782,1261,1008,909,575,315
AR_B_294,14903,7268,7635,NA,NA,NA,NA,NA,NA,1960,2232,1932,1916,1753,1733,1494,1182,701
AR_B_301,17365,8483,8882,NA,NA,NA,NA,NA,NA,2606,2795,2254,2439,1821,1793,1816,1114,727
AR_B_308,2816,1444,1372,NA,NA,NA,NA,NA,NA,413,453,413,341,340,297,278,186,95
AR_B_315,19747,9527,10220,NA,NA,NA,NA,NA,NA,3481,3518,2684,2522,2295,1947,1612,1081,607
AR_B_322,10783,5328,5455,NA,NA,NA,NA,NA,NA,1602,1919,1350,1513,1264,1250,1002,560,323
AR_B_329,14889,7275,7614,NA,NA,NA,NA,NA,NA,2680,2538,2381,2022,1648,1446,1067,705,402
AR_B_336,3700,1893,1807,NA,NA,NA,NA,NA,NA,677,639,521,508,435,350,326,170,74
AR_B_343,11202,5560,5642,NA,NA,NA,NA,NA,NA,1849,1836,1532,1544,1159,1164,1040,658,420
AR_B_351,11261,5639,5622,NA,NA,NA,NA,NA,NA,1859,1926,1470,1529,1271,1175,1043,661,327
AR_B_357,618989,295294,323695,NA,NA,NA,NA,NA,NA,87450,93794,91730,84674,74138,68197,56586,39192,23228
AR_B_364,87185,43221,43964,NA,NA,NA,NA,NA,NA,18087,16687,14420,12424,9329,7534,4730,2653,1321
AR_B_371,414196,198094,216102,NA,NA,NA,NA,NA,NA,60547,61646,65348,60830,48326,44416,34935,24408,13740
AR_B_385,18078,8894,9184,NA,NA,NA,NA,NA,NA,2564,2899,2468,2381,2065,1853,1793,1300,755
AR_B_392,30864,15554,15310,NA,NA,NA,NA,NA,NA,5268,5336,4219,4159,3619,3203,2531,1646,883
AR_B_399,11826,5928,5898,NA,NA,NA,NA,NA,NA,1767,1806,1326,1610,1393,1397,1192,824,511
AR_B_406,9585,4739,4846,NA,NA,NA,NA,NA,NA,1541,1583,1129,1304,1078,1011,921,649,369
AR_B_408,181241,87278,93963,NA,NA,NA,NA,NA,NA,27509,28066,28941,26237,21111,19560,15278,9587,4952
AR_B_410,167824,81188,86636,NA,NA,NA,NA,NA,NA,24420,25279,25000,24825,21414,18414,14333,9087,5052
AR_B_412,265981,131291,134690,NA,NA,NA,NA,NA,NA,51842,51556,45763,38106,28030,23652,15467,8208,3357
AR_B_413,90305,43464,46841,NA,NA,NA,NA,NA,NA,12972,13339,13531,12449,10293,9836,7989,5982,3914
AR_B_420,69633,34239,35394,NA,NA,NA,NA,NA,NA,11119,11453,8980,9152,8132,7849,6862,4381,1705
AR_B_427,1775816,866690,909126,NA,NA,NA,NA,NA,NA,316173,321646,296602,262539,203125,161458,116173,67007,31093
AR_B_434,459263,218873,240390,NA,NA,NA,NA,NA,NA,64322,65301,69936,67315,54221,51939,40861,28791,16577
AR_B_441,654324,315263,339061,NA,NA,NA,NA,NA,NA,97857,98815,117331,100077,75056,63990,49433,32020,19745
AR_B_448,10210,4940,5270,NA,NA,NA,NA,NA,NA,1725,1869,1169,1328,1239,1033,918,597,332
AR_B_455,23871,11518,12353,NA,NA,NA,NA,NA,NA,3700,3721,3021,3041,2798,2617,2286,1606,1081
AR_B_462,16799,8215,8584,NA,NA,NA,NA,NA,NA,2716,2904,2142,2166,1785,1695,1543,1175,673
AR_B_469,41808,20505,21303,NA,NA,NA,NA,NA,NA,6314,6670,5374,5653,5001,4522,3968,2694,1612
AR_B_476,17523,8790,8733,NA,NA,NA,NA,NA,NA,2656,2898,2265,2182,2241,1903,1522,1132,724
AR_B_483,36172,17497,18675,NA,NA,NA,NA,NA,NA,6047,5736,5081,4952,4019,3735,3225,2093,1284
AR_B_490,616279,297042,319237,NA,NA,NA,NA,NA,NA,98399,98951,100896,90569,70197,62513,47579,30665,16510
AR_B_497,106273,52185,54088,NA,NA,NA,NA,NA,NA,17190,17292,16452,15537,12729,10528,8232,5274,3039
AR_B_505,19301,10648,8653,NA,NA,NA,NA,NA,NA,3066,2952,3837,3164,1970,1670,1294,869,479
AR_B_511,10188,4849,5339,NA,NA,NA,NA,NA,NA,1580,1648,1366,1286,1140,1084,1045,607,432
AR_B_515,322375,159205,163170,NA,NA,NA,NA,NA,NA,58350,59170,53734,47869,36170,29780,21338,11386,4578
AR_B_518,21279,10605,10674,NA,NA,NA,NA,NA,NA,3286,3468,2919,2870,2391,2275,2054,1394,622
AR_B_525,54181,27802,26379,NA,NA,NA,NA,NA,NA,10516,10573,9485,7872,5899,4411,3053,1597,775
AR_B_532,63284,31054,32230,NA,NA,NA,NA,NA,NA,10320,10108,9648,8684,7147,6720,4985,3541,2131
AR_B_539,528494,259417,269077,NA,NA,NA,NA,NA,NA,97077,98501,88250,77038,57697,49360,34249,18019,8303
AR_B_547,21034,10358,10676,NA,NA,NA,NA,NA,NA,3605,3517,3337,3055,2309,2081,1546,1002,582
AR_B_553,6499,3326,3173,NA,NA,NA,NA,NA,NA,1014,990,863,980,712,711,681,359,189
AR_B_560,452505,224291,228214,NA,NA,NA,NA,NA,NA,88723,88880,77790,66398,48733,39346,25082,12330,5223
AR_B_568,321109,153129,167980,NA,NA,NA,NA,NA,NA,42157,42883,47265,47806,38734,37481,30221,21030,13532
AR_B_574,17054,8471,8583,NA,NA,NA,NA,NA,NA,3005,3000,2528,2164,1958,1665,1354,850,530
AR_B_581,92933,44420,48513,NA,NA,NA,NA,NA,NA,14066,14991,12117,12214,11133,10097,8780,6071,3464
AR_B_588,47722,23140,24582,NA,NA,NA,NA,NA,NA,7549,7702,5627,6388,5664,5043,4475,3329,1945
AR_B_595,111708,55288,56420,NA,NA,NA,NA,NA,NA,17373,17912,16127,15393,13444,11632,9730,6566,3531
AR_B_602,30207,15000,15207,NA,NA,NA,NA,NA,NA,4732,5338,4121,4352,3555,3087,2539,1597,886
AR_B_609,39776,19254,20522,NA,NA,NA,NA,NA,NA,6433,6507,4964,5311,4652,4178,3739,2470,1522
AR_B_616,5887,2916,2971,NA,NA,NA,NA,NA,NA,875,995,729,804,722,650,566,357,189
AR_B_623,104590,49267,55323,NA,NA,NA,NA,NA,NA,15865,16246,15047,13970,12385,11717,8486,6976,3898
AR_B_630,3640,1834,1806,NA,NA,NA,NA,NA,NA,604,628,572,474,444,372,276,171,99
AR_B_638,299077,148453,150624,NA,NA,NA,NA,NA,NA,61253,59061,48271,44997,35590,24102,15407,7302,3094
AR_B_644,25728,12820,12908,NA,NA,NA,NA,NA,NA,4601,3958,3841,4171,3119,2692,1846,1042,458
AR_B_648,81141,40250,40891,NA,NA,NA,NA,NA,NA,18144,16401,13841,11733,8068,6352,3905,1891,806
AR_B_651,15743,7724,8019,NA,NA,NA,NA,NA,NA,1820,2092,1724,1945,2065,1940,1863,1456,838
AR_B_655,9888,4937,4951,NA,NA,NA,NA,NA,NA,1490,1637,1276,1348,1128,1039,919,693,358
AR_B_658,582943,281928,301015,NA,NA,NA,NA,NA,NA,95714,95021,93659,85766,66021,58902,44657,28156,15047
AR_B_665,33042,16320,16722,NA,NA,NA,NA,NA,NA,5847,5667,5074,4661,3626,3218,2455,1625,869
AR_B_672,15176,7450,7726,NA,NA,NA,NA,NA,NA,2384,2506,1889,2063,1702,1624,1486,947,575
AR_B_679,17143,8779,8364,NA,NA,NA,NA,NA,NA,2986,3091,2409,2246,1995,1812,1319,839,446
AR_B_686,23432,11382,12050,NA,NA,NA,NA,NA,NA,3595,3599,3178,3038,2771,2484,2195,1607,965
AR_B_693,12513,6220,6293,NA,NA,NA,NA,NA,NA,2067,1980,1812,1722,1332,1292,1063,804,441
AR_B_700,20749,10514,10235,NA,NA,NA,NA,NA,NA,2869,2898,3107,2855,2574,2276,1916,1429,825
AR_B_707,32103,15683,16420,NA,NA,NA,NA,NA,NA,5008,5013,4318,4270,3565,3362,3073,2136,1358
AR_B_714,32653,15969,16684,NA,NA,NA,NA,NA,NA,5431,5228,4554,4405,3737,3429,2659,2011,1199
AR_B_721,8644,4217,4427,NA,NA,NA,NA,NA,NA,1285,1354,1110,1211,1041,948,815,561,319
AR_B_728,23027,11509,11518,NA,NA,NA,NA,NA,NA,3920,3984,3630,3053,2678,2181,1648,1158,775
AR_B_735,23138,11353,11785,NA,NA,NA,NA,NA,NA,3715,3758,3361,3203,2781,2453,1854,1236,777
AR_B_742,8399,4169,4230,NA,NA,NA,NA,NA,NA,1182,1314,1099,1128,1021,947,800,569,339
AR_B_749,163240,78645,84595,NA,NA,NA,NA,NA,NA,25783,26347,27064,23470,19329,16431,12257,7946,4613
AR_B_756,292878,138407,154471,NA,NA,NA,NA,NA,NA,38531,40267,43401,42014,35757,34159,27740,18941,12068
AR_B_760,276190,134584,141606,NA,NA,NA,NA,NA,NA,46304,48110,47389,40309,31695,26983,19303,10787,5310
AR_B_763,145857,71171,74686,NA,NA,NA,NA,NA,NA,22967,23625,22408,20994,17365,15330,11763,7662,3743
AR_B_770,59036,29066,29970,NA,NA,NA,NA,NA,NA,10749,10769,8783,8067,6399,5928,4155,2628,1558
AR_B_778,59478,29288,30190,NA,NA,NA,NA,NA,NA,12137,11509,9341,8797,6319,5141,3342,1896,996
AR_B_784,10081,4975,5106,NA,NA,NA,NA,NA,NA,1789,1706,1447,1333,1088,1033,830,560,295
AR_B_791,123871,59904,63967,NA,NA,NA,NA,NA,NA,18334,19081,19333,18061,14487,12753,10595,7059,4168
AR_B_798,9178,4536,4642,NA,NA,NA,NA,NA,NA,1572,1533,1211,1207,1023,991,783,523,335
AR_B_805,376381,184774,191607,NA,NA,NA,NA,NA,NA,69329,66547,58569,57320,46677,34061,24394,13565,5919
AR_B_812,1764,928,836,NA,NA,NA,NA,NA,NA,277,334,248,228,227,181,147,85,52
AR_B_819,12723,6354,6369,NA,NA,NA,NA,NA,NA,1811,1916,1606,1662,1646,1490,1294,806,498
AR_B_826,43021,21054,21967,NA,NA,NA,NA,NA,NA,7182,7280,5826,6211,5129,4292,3518,2267,1367
AR_B_833,57110,27720,29390,NA,NA,NA,NA,NA,NA,8285,8803,7108,7553,7006,6223,5647,4057,2361
AR_B_840,340071,161806,178265,NA,NA,NA,NA,NA,NA,46222,47729,51907,50006,40570,38630,30652,21641,12714
AR_B_847,8700,4291,4409,NA,NA,NA,NA,NA,NA,1405,1443,1082,1171,953,874,877,554,404
AR_B_854,35842,17340,18502,NA,NA,NA,NA,NA,NA,5586,5744,4469,4604,4099,3801,3455,2486,1545
AR_B_861,269420,125792,143628,NA,NA,NA,NA,NA,NA,30109,31733,39124,39622,34213,32846,28346,19497,13930
AR_B_868,31730,15920,15810,NA,NA,NA,NA,NA,NA,5464,5335,4512,4706,3818,3318,2615,1352,612
AR_B_875,31014,15677,15337,NA,NA,NA,NA,NA,NA,5542,6008,4754,4297,3273,2739,2234,1420,794
AR_B_882,114269,56970,57299,NA,NA,NA,NA,NA,NA,20337,19751,18363,16595,12707,10872,8029,4858,2696
AR_C,3063728,1329681,1560470,NA,NA,NA,NA,NA,NA,322010,318182,475719,463395,352502,332157,280530,198469,147187
AR_C_001,205886,98097,107789,NA,NA,NA,NA,NA,NA,21818,21495,40915,34560,24942,22963,18396,11934,8863
AR_C_002,157932,68042,89890,NA,NA,NA,NA,NA,NA,11916,13725,33740,23022,16630,18143,17885,12524,10347
AR_C_003,187537,85601,101936,NA,NA,NA,NA,NA,NA,19116,19197,34317,31017,23077,21200,17680,12554,9379
AR_C_004,218245,103166,115079,NA,NA,NA,NA,NA,NA,30641,30934,36403,33678,26081,22873,17465,12217,7953
AR_C_005,179005,80806,98199,NA,NA,NA,NA,NA,NA,17665,17685,29246,30371,22168,21320,17981,12660,9909
AR_C_006,176076,78870,97206,NA,NA,NA,NA,NA,NA,17504,16197,25837,29736,22117,22146,18792,13217,10530
AR_C_007,220591,102481,118110,NA,NA,NA,NA,NA,NA,28001,27238,35397,33504,26256,24658,20047,14465,11025
AR_C_008,187237,89545,97692,NA,NA,NA,NA,NA,NA,32306,30372,33505,27684,20871,16249,12545,8876,4829
AR_C_009,161797,76207,85590,NA,NA,NA,NA,NA,NA,20286,20429,23606,24040,19993,18406,15497,11570,7970
AR_C_010,166022,76972,89050,NA,NA,NA,NA,NA,NA,18645,18799,23907,24890,20839,20672,16690,12456,9124
AR_C_011,189832,88469,101363,NA,NA,NA,NA,NA,NA,20323,20773,26470,29211,24475,23719,19730,14208,10923
AR_C_012,200116,92527,107589,NA,NA,NA,NA,NA,NA,21797,20332,28671,34248,25257,24039,20479,14631,10662
AR_C_013,231331,103832,127499,NA,NA,NA,NA,NA,NA,22673,21298,34291,39098,29022,27735,25450,17798,13966
AR_C_014,225970,100581,125389,NA,NA,NA,NA,NA,NA,19916,20098,40932,37726,27367,26471,24159,16799,12502
AR_C_015,182574,84485,98089,NA,NA,NA,NA,NA,NA,19403,19610,28482,30610,23407,21563,17734,12560,9205
AR_D,502000,213407,218903,NA,NA,NA,NA,NA,NA,78410,82113,66005,62525,48532,40520,29775,16504,9174
AR_D_007,19087,9647,9440,NA,NA,NA,NA,NA,NA,3520,3709,2704,2424,1969,1919,1550,866,143
AR_D_014,3985,2207,1778,NA,NA,NA,NA,NA,NA,672,714,502,453,354,474,416,259,481
AR_D_021,13157,6708,6449,NA,NA,NA,NA,NA,NA,2346,2541,1833,1712,1426,1328,1084,617,794
AR_D_028,20744,10381,10363,NA,NA,NA,NA,NA,NA,3484,3899,2909,2939,2328,2128,1684,943,2156
AR_D_035,125899,62031,63868,NA,NA,NA,NA,NA,NA,23135,24285,18893,18116,14207,11847,8297,4754,558
AR_D_042,11779,6097,5682,NA,NA,NA,NA,NA,NA,2286,2465,1630,1606,1287,1081,776,448,793
AR_D_049,28933,14211,14722,NA,NA,NA,NA,NA,NA,4672,5039,3786,4098,3386,3054,2593,1564,2860
AR_D_056,204019,99602,104417,NA,NA,NA,NA,NA,NA,37572,38589,33169,30649,23047,18154,12865,6771,1194
AR_D_063,4707,2523,2184,NA,NA,NA,NA,NA,NA,723,872,579,528,528,535,510,282,195
AR_E,1373270,604566,631428,NA,NA,NA,NA,NA,NA,208729,228130,190115,171840,138599,121297,91464,56853,28687
AR_E_008,62160,30860,31300,NA,NA,NA,NA,NA,NA,10138,10777,9262,8676,7389,6209,4820,3237,1708
AR_E_015,170033,83829,86204,NA,NA,NA,NA,NA,NA,31872,34668,26531,23503,18033,15648,10801,6021,2768
AR_E_021,46361,22468,23893,NA,NA,NA,NA,NA,NA,6791,7708,7863,6203,5168,4813,3878,2599,1318
AR_E_028,68736,34494,34242,NA,NA,NA,NA,NA,NA,12345,13496,10593,9694,7682,6662,4403,2621,1354
AR_E_035,25863,12865,12998,NA,NA,NA,NA,NA,NA,4646,5752,3754,3298,2897,2271,1699,1033,471
AR_E_042,15079,7526,7553,NA,NA,NA,NA,NA,NA,3062,3584,2181,1835,1590,1237,867,490,376
AR_E_049,51883,25309,26574,NA,NA,NA,NA,NA,NA,8858,9258,7286,7302,6078,5087,3995,2625,1599
AR_E_056,109461,53460,56001,NA,NA,NA,NA,NA,NA,18080,18698,15892,15554,12813,11418,8875,5400,2408
AR_E_063,12077,6244,5833,NA,NA,NA,NA,NA,NA,2401,2610,1781,1598,1300,1114,705,392,329
AR_E_070,66903,32761,34142,NA,NA,NA,NA,NA,NA,12511,15166,9352,8359,7048,6043,4431,2704,1270
AR_E_077,39026,19187,19839,NA,NA,NA,NA,NA,NA,6372,6860,5511,5222,4371,3981,3352,2266,1914
AR_E_084,339930,163449,176481,NA,NA,NA,NA,NA,NA,53032,58403,56493,49549,38876,34482,25422,15565,7073
AR_E_088,17357,8654,8703,NA,NA,NA,NA,NA,NA,3221,3343,2389,2364,2019,1512,1296,816,437
AR_E_091,25665,12586,13079,NA,NA,NA,NA,NA,NA,4318,4575,3413,3340,2813,2644,2245,1530,1023
AR_E_098,100728,49321,51407,NA,NA,NA,NA,NA,NA,16633,16866,15265,14147,11342,10079,8193,5431,2476
AR_E_105,35767,17564,18203,NA,NA,NA,NA,NA,NA,5784,6300,5254,5097,4045,3574,2817,1857,1066
AR_E_113,48965,23989,24976,NA,NA,NA,NA,NA,NA,8665,10066,7295,6099,5135,4523,3665,2266,1097
AR_F,388386,165127,168515,NA,NA,NA,NA,NA,NA,60196,68412,56262,49061,35832,29155,18972,10572,11615
AR_F_007,15418,7731,7687,NA,NA,NA,NA,NA,NA,2847,3393,2405,2323,1519,1358,872,476,2030
AR_F_014,180995,88562,92433,NA,NA,NA,NA,NA,NA,32208,36142,33437,27602,19361,15374,9427,5115,179
AR_F_021,4268,2159,2109,NA,NA,NA,NA,NA,NA,702,793,607,605,427,413,392,218,336
AR_F_028,9648,4877,4771,NA,NA,NA,NA,NA,NA,1600,2018,1534,1323,1089,864,624,380,265
AR_F_035,14160,7036,7124,NA,NA,NA,NA,NA,NA,2343,2861,2235,1951,1623,1429,965,494,782
AR_F_042,49432,24512,24920,NA,NA,NA,NA,NA,NA,9813,10084,7649,7576,5141,4188,2686,1548,272
AR_F_049,5863,2989,2874,NA,NA,NA,NA,NA,NA,962,1264,800,816,625,591,417,247,79
AR_F_056,3073,1625,1448,NA,NA,NA,NA,NA,NA,533,727,399,383,321,270,222,147,159
AR_F_063,7370,3686,3684,NA,NA,NA,NA,NA,NA,1250,1603,1046,948,789,724,550,292,144
AR_F_070,4108,2157,1951,NA,NA,NA,NA,NA,NA,733,1010,484,521,488,357,273,152,35
AR_F_077,1734,865,869,NA,NA,NA,NA,NA,NA,325,358,295,260,186,150,94,38,205
AR_F_084,7145,3665,3480,NA,NA,NA,NA,NA,NA,1219,1400,943,873,844,761,593,332,155
AR_F_091,4944,2496,2448,NA,NA,NA,NA,NA,NA,1052,1120,669,605,569,414,266,161,67
AR_F_098,2731,1431,1300,NA,NA,NA,NA,NA,NA,481,578,439,394,296,214,172,104,62
AR_F_105,2427,1235,1192,NA,NA,NA,NA,NA,NA,491,540,350,315,264,188,161,79,828
AR_F_112,14054,6990,7064,NA,NA,NA,NA,NA,NA,2582,3177,1995,1761,1588,1279,883,519,276
AR_F_119,3927,1934,1993,NA,NA,NA,NA,NA,NA,703,857,575,467,442,360,244,161,716
AR_F_126,2345,1177,1168,NA,NA,NA,NA,NA,NA,352,487,400,338,260,221,131,109,5025
AR_G,968309,432632,441374,NA,NA,NA,NA,NA,NA,177190,189826,135388,118121,84924,73274,50439,30097,15472
AR_G_007,7610,3913,3697,NA,NA,NA,NA,NA,NA,1519,1637,1152,1086,674,658,511,273,233
AR_G_014,17252,9035,8217,NA,NA,NA,NA,NA,NA,4203,4208,2496,2141,1523,1162,760,545,710
AR_G_021,10923,5433,5490,NA,NA,NA,NA,NA,NA,2696,2499,1498,1173,937,810,633,428,326
AR_G_028,20763,10548,10215,NA,NA,NA,NA,NA,NA,5091,4933,3019,2455,1697,1532,1067,644,2047
AR_G_035,142279,69320,72959,NA,NA,NA,NA,NA,NA,27626,30939,23092,19788,13650,12163,7993,4725,161
AR_G_042,9243,4734,4509,NA,NA,NA,NA,NA,NA,1729,2055,1470,1287,1038,723,534,287,4205
AR_G_049,267125,127703,139422,NA,NA,NA,NA,NA,NA,46600,54074,43809,40208,28300,23872,16331,9154,343
AR_G_056,31404,16313,15091,NA,NA,NA,NA,NA,NA,7478,7298,4776,3900,2807,2355,1463,955,630
AR_G_063,34667,17156,17511,NA,NA,NA,NA,NA,NA,6449,6971,5226,4772,3379,3481,2374,1350,380
AR_G_070,17820,9486,8334,NA,NA,NA,NA,NA,NA,4211,4191,2460,1963,1523,1438,949,712,547
AR_G_077,38105,18999,19106,NA,NA,NA,NA,NA,NA,8402,8780,5748,4971,3568,2887,2022,1162,156
AR_G_084,7602,3935,3667,NA,NA,NA,NA,NA,NA,1488,1653,1146,940,688,717,512,296,291
AR_G_091,14352,7361,6991,NA,NA,NA,NA,NA,NA,3191,3201,2119,1672,1308,1203,857,515,263
AR_G_098,18051,9240,8811,NA,NA,NA,NA,NA,NA,4247,4339,2623,2080,1582,1498,899,532,384
AR_G_105,20036,9696,10340,NA,NA,NA,NA,NA,NA,4364,4630,2992,2487,1827,1549,1111,710,65
AR_G_112,1890,997,893,NA,NA,NA,NA,NA,NA,413,382,280,223,183,195,114,74,469
AR_G_119,32130,16487,15643,NA,NA,NA,NA,NA,NA,7863,7310,5048,4173,2809,2282,1294,944,247
AR_G_126,14008,6989,7019,NA,NA,NA,NA,NA,NA,2880,3174,1779,1681,1455,1277,976,538,419
AR_G_133,20514,10650,9864,NA,NA,NA,NA,NA,NA,4752,4523,2940,2385,1845,1652,1203,822,501
AR_G_140,10568,5284,5284,NA,NA,NA,NA,NA,NA,2300,2417,1316,1276,1029,900,754,400,923
AR_G_147,54867,27125,27742,NA,NA,NA,NA,NA,NA,11006,11829,7999,7233,5603,4626,3365,2181,67
AR_G_154,5015,2594,2421,NA,NA,NA,NA,NA,NA,964,1020,781,690,602,448,288,161,613
AR_G_161,44415,22391,22024,NA,NA,NA,NA,NA,NA,9696,10075,7031,5703,4017,3408,2427,1407,244
AR_G_168,11217,5845,5372,NA,NA,NA,NA,NA,NA,2888,2489,1502,1247,1012,810,669,391,363
AR_G_175,9831,4995,4836,NA,NA,NA,NA,NA,NA,2415,2253,1327,1126,759,708,600,444,220
AR_G_182,4607,2392,2215,NA,NA,NA,NA,NA,NA,1141,1140,628,543,370,323,239,146,177
AR_G_189,7712,4011,3701,NA,NA,NA,NA,NA,NA,1578,1806,1131,918,739,597,494,301,488
AR_H,1192616,519950,535309,NA,NA,NA,NA,NA,NA,202507,232385,172145,140029,109860,92662,57358,33753,14568
AR_H_007,34075,17364,16711,NA,NA,NA,NA,NA,NA,8099,8224,5306,4437,3029,2453,1476,774,300
AR_H_014,25052,12547,12505,NA,NA,NA,NA,NA,NA,4673,5654,3622,3109,2455,2379,1746,970,437
AR_H_021,96944,47087,49857,NA,NA,NA,NA,NA,NA,18798,19920,15957,12739,10303,8810,5512,3440,1445
AR_H_028,30590,14967,15623,NA,NA,NA,NA,NA,NA,5575,6798,4859,4225,3231,2781,1661,999,455
AR_H_036,22281,11256,11025,NA,NA,NA,NA,NA,NA,4387,5227,3520,2949,2268,1808,1172,699,247
AR_H_039,7432,3738,3694,NA,NA,NA,NA,NA,NA,1317,1671,1103,976,860,683,474,244,105
AR_H_043,11826,6103,5723,NA,NA,NA,NA,NA,NA,2260,2648,1792,1625,1241,1078,694,352,141
AR_H_049,11988,6016,5972,NA,NA,NA,NA,NA,NA,2707,2931,1803,1440,1091,941,587,345,154
AR_H_056,13490,6816,6674,NA,NA,NA,NA,NA,NA,2440,3047,2206,1652,1473,1238,765,464,204
AR_H_063,67132,34092,33040,NA,NA,NA,NA,NA,NA,15206,16405,10862,8730,6389,4717,2754,1515,545
AR_H_070,22411,11191,11220,NA,NA,NA,NA,NA,NA,5602,5480,3278,2639,1945,1672,1010,573,232
AR_H_077,12158,6085,6073,NA,NA,NA,NA,NA,NA,2303,2660,2035,1649,1266,1067,648,363,164
AR_H_084,59147,29743,29404,NA,NA,NA,NA,NA,NA,12360,13959,9148,7366,5766,4834,3138,1775,785
AR_H_091,25288,12825,12463,NA,NA,NA,NA,NA,NA,5280,6341,3763,3063,2460,2034,1308,771,275
AR_H_098,55080,26819,28261,NA,NA,NA,NA,NA,NA,10631,12562,8332,7128,5956,4915,3050,1814,688
AR_H_105,28555,14150,14405,NA,NA,NA,NA,NA,NA,5374,6423,4675,3716,2914,2510,1575,952,411
AR_H_112,20131,9994,10137,NA,NA,NA,NA,NA,NA,4748,4699,2965,2389,1895,1617,998,603,215
AR_H_119,12499,6140,6359,NA,NA,NA,NA,NA,NA,2543,3020,1883,1515,1194,1049,677,445,182
AR_H_126,10322,5151,5171,NA,NA,NA,NA,NA,NA,1866,2361,1668,1393,1062,880,619,332,282
AR_H_133,34081,17010,17071,NA,NA,NA,NA,NA,NA,7126,8111,5146,4139,3349,2867,1752,1102,481
AR_H_140,390874,188563,202311,NA,NA,NA,NA,NA,NA,65741,78916,68735,55376,43471,36938,22402,13228,5925
AR_H_147,14702,7361,7341,NA,NA,NA,NA,NA,NA,3022,3575,2169,1778,1469,1301,753,448,181
AR_H_154,15889,8115,7774,NA,NA,NA,NA,NA,NA,3012,4033,2212,1909,1629,1420,877,546,261
AR_H_161,4097,2126,1971,NA,NA,NA,NA,NA,NA,861,987,588,561,399,322,208,127,64
AR_H_168,29215,14691,14524,NA,NA,NA,NA,NA,NA,6576,6733,4518,3526,2745,2348,1502,872,389
AR_J,772876,333228,347827,NA,NA,NA,NA,NA,NA,131337,128668,105970,95429,71238,62608,47595,26183,12404
AR_J_007,23888,11821,12067,NA,NA,NA,NA,NA,NA,5198,4801,3767,3308,2248,1953,1492,775,169
AR_J_014,8125,4075,4050,NA,NA,NA,NA,NA,NA,1716,1592,1314,1014,683,782,560,325,152
AR_J_021,8588,4562,4026,NA,NA,NA,NA,NA,NA,1711,1893,1337,1150,967,708,477,250,3652
AR_J_028,109123,50397,58726,NA,NA,NA,NA,NA,NA,16045,15767,16171,15749,11949,11947,10534,6858,675
AR_J_035,38343,18854,19489,NA,NA,NA,NA,NA,NA,8211,7941,5781,5087,3583,3356,2434,1325,763
AR_J_042,87258,43079,44179,NA,NA,NA,NA,NA,NA,18303,17832,14352,12343,8930,7315,5105,2243,141
AR_J_049,9099,5731,3368,NA,NA,NA,NA,NA,NA,1313,1400,1821,1911,1121,786,425,229,600
AR_J_056,21730,10985,10745,NA,NA,NA,NA,NA,NA,3785,4192,3006,2983,2559,2219,1619,970,189
AR_J_063,9307,4627,4680,NA,NA,NA,NA,NA,NA,2105,2068,1492,1255,861,702,514,235,545
AR_J_070,53162,26382,26780,NA,NA,NA,NA,NA,NA,12335,11223,8194,7506,5098,3923,2862,1428,1721
AR_J_077,114368,55400,58968,NA,NA,NA,NA,NA,NA,21775,21507,17951,15828,12414,10572,8055,4444,1122
AR_J_084,82641,39624,43017,NA,NA,NA,NA,NA,NA,14753,14998,13228,11611,9256,8534,6012,3028,140
AR_J_091,11115,5591,5524,NA,NA,NA,NA,NA,NA,2383,2281,1850,1445,1012,909,734,355,818
AR_J_098,48087,23282,24805,NA,NA,NA,NA,NA,NA,8908,8714,7244,6954,5290,4539,3504,2049,236
AR_J_105,22131,11412,10719,NA,NA,NA,NA,NA,NA,5245,4809,3334,2880,2059,1691,1239,633,103
AR_J_112,4886,2495,2391,NA,NA,NA,NA,NA,NA,1025,1036,806,696,484,370,285,130,172
AR_J_119,7222,3703,3519,NA,NA,NA,NA,NA,NA,1284,1695,998,922,779,671,474,263,291
AR_J_126,17119,8722,8397,NA,NA,NA,NA,NA,NA,4201,3858,2534,2126,1474,1232,1017,504,242
AR_J_133,4863,2486,2377,NA,NA,NA,NA,NA,NA,1041,1061,790,661,471,399,253,139,673
AR_K,411824,182309,185519,NA,NA,NA,NA,NA,NA,68639,75948,57287,53077,38610,32819,22130,12716,7459
AR_K_007,4463,2321,2142,NA,NA,NA,NA,NA,NA,679,857,640,574,507,481,352,234,137
AR_K_014,2917,1563,1354,NA,NA,NA,NA,NA,NA,540,623,368,381,330,264,214,132,72
AR_K_021,18132,9113,9019,NA,NA,NA,NA,NA,NA,3456,3996,2528,2432,1866,1605,1168,696,397
AR_K_028,1436,823,613,NA,NA,NA,NA,NA,NA,299,274,220,223,164,111,72,45,34
AR_K_035,27843,14242,13601,NA,NA,NA,NA,NA,NA,5421,5912,4243,4072,2804,2285,1578,970,611
AR_K_042,16085,8414,7671,NA,NA,NA,NA,NA,NA,3129,3481,2630,2237,1615,1357,922,459,251
AR_K_049,159703,76801,82902,NA,NA,NA,NA,NA,NA,28476,31038,26783,24120,17151,14843,9583,5167,2479
AR_K_056,3570,1900,1670,NA,NA,NA,NA,NA,NA,727,680,473,470,361,332,268,170,93
AR_K_063,11896,5933,5963,NA,NA,NA,NA,NA,NA,2209,2434,1864,1776,1319,1034,664,381,209
AR_K_070,22638,11499,11139,NA,NA,NA,NA,NA,NA,4637,5086,3279,3119,2330,1903,1275,711,299
AR_K_077,4185,2224,1961,NA,NA,NA,NA,NA,NA,731,856,577,595,401,421,316,195,112
AR_K_084,10776,5575,5201,NA,NA,NA,NA,NA,NA,2327,2338,1499,1451,1070,847,624,410,209
AR_K_091,22548,11006,11542,NA,NA,NA,NA,NA,NA,4177,5087,3062,2918,2332,2038,1396,983,552
AR_K_098,12034,6323,5711,NA,NA,NA,NA,NA,NA,2350,2590,1913,1643,1175,1028,690,439,215
AR_K_105,22360,11207,11153,NA,NA,NA,NA,NA,NA,4301,5069,2936,2870,2244,1943,1499,917,590
AR_K_112,27242,13365,13877,NA,NA,NA,NA,NA,NA,5180,5627,4272,4196,2941,2327,1509,807,1199
AR_L,355422,157797,161154,NA,NA,NA,NA,NA,NA,52032,55130,47265,44504,37763,32512,25588,15772,8884
AR_L_007,10153,5116,5037,NA,NA,NA,NA,NA,NA,1542,1659,1347,1322,1331,1132,949,580,253
AR_L_014,2313,1188,1125,NA,NA,NA,NA,NA,NA,466,439,344,322,266,216,162,80,317
AR_L_021,105312,50775,54537,NA,NA,NA,NA,NA,NA,16863,17888,16898,15261,12491,10715,7937,4669,2287
AR_L_028,7293,3706,3587,NA,NA,NA,NA,NA,NA,1341,1344,1014,1006,796,732,558,315,229
AR_L_035,14077,7029,7048,NA,NA,NA,NA,NA,NA,1903,2264,1872,1874,1751,1590,1386,953,415
AR_L_042,1040,590,450,NA,NA,NA,NA,NA,NA,169,183,174,131,131,127,85,27,49
AR_L_049,2985,1542,1443,NA,NA,NA,NA,NA,NA,514,670,402,402,361,276,213,109,39
AR_L_056,11620,5847,5773,NA,NA,NA,NA,NA,NA,1909,1987,1657,1557,1305,1240,980,643,336
AR_L_070,8831,4457,4374,NA,NA,NA,NA,NA,NA,1399,1353,1030,1171,1060,950,929,643,285
AR_L_077,7540,3835,3705,NA,NA,NA,NA,NA,NA,979,1113,944,966,930,888,834,600,559
AR_L_098,8619,4342,4277,NA,NA,NA,NA,NA,NA,1388,1719,1166,1147,961,905,700,423,1437
AR_L_105,59024,28879,30145,NA,NA,NA,NA,NA,NA,9652,10292,8969,8276,6878,5868,4501,2931,172
AR_L_112,9468,4927,4541,NA,NA,NA,NA,NA,NA,1810,1909,1563,1382,1071,805,560,271,318
AR_L_119,8663,4340,4323,NA,NA,NA,NA,NA,NA,1325,1339,1094,1191,1011,934,864,574,235
AR_L_126,10668,5370,5298,NA,NA,NA,NA,NA,NA,1912,1898,1482,1435,1267,1064,897,480,532
AR_L_133,16227,8091,8136,NA,NA,NA,NA,NA,NA,2583,2801,2195,2091,1978,1662,1411,959,166
AR_L_140,12409,6295,6114,NA,NA,NA,NA,NA,NA,2571,2218,1885,1978,1469,1054,717,353,410
AR_L_147,5426,2773,2653,NA,NA,NA,NA,NA,NA,783,938,723,706,649,548,532,346,334
AR_L_154,14839,7335,7504,NA,NA,NA,NA,NA,NA,2465,2686,2190,1936,1760,1549,1147,731,224
AR_M,1969982,846831,892098,NA,NA,NA,NA,NA,NA,295439,309033,283455,244322,186349,168740,131593,79151,35252
AR_M_007,115041,54058,60983,NA,NA,NA,NA,NA,NA,14087,14952,21560,17014,12042,12555,10559,7161,1415
AR_M_014,46429,22550,23879,NA,NA,NA,NA,NA,NA,7481,8375,6362,5885,4942,4866,4243,2795,4961
AR_M_021,191903,91102,100801,NA,NA,NA,NA,NA,NA,29370,30311,31316,27895,20256,19948,16758,10460,6170
AR_M_028,283803,137238,146565,NA,NA,NA,NA,NA,NA,47827,48843,46664,40763,31285,27737,21408,12654,775
AR_M_035,37859,18662,19197,NA,NA,NA,NA,NA,NA,6136,7001,5810,5210,4334,3828,2937,1795,357
AR_M_042,10012,4982,5030,NA,NA,NA,NA,NA,NA,1617,2244,1457,1359,1053,960,738,405,3629
AR_M_049,203666,99305,104361,NA,NA,NA,NA,NA,NA,37520,38304,33473,28120,21734,19066,13988,7860,476
AR_M_056,36738,18610,18128,NA,NA,NA,NA,NA,NA,7405,8173,6195,4881,3574,2911,2017,1099,2011
AR_M_063,119888,59055,60833,NA,NA,NA,NA,NA,NA,21713,22288,19154,16892,14144,11020,8177,4435,2906
AR_M_070,172332,84907,87425,NA,NA,NA,NA,NA,NA,31065,31716,28585,25107,18683,15768,11654,6590,576
AR_M_077,27660,14109,13551,NA,NA,NA,NA,NA,NA,5280,5324,4534,3988,3194,2601,1549,819,1708
AR_M_084,56373,27738,28635,NA,NA,NA,NA,NA,NA,9571,10543,8650,7732,5735,5375,4474,2942,540
AR_M_091,32631,16313,16318,NA,NA,NA,NA,NA,NA,5893,6263,5453,4530,3376,2989,2284,1290,2591
AR_M_098,118220,57882,60338,NA,NA,NA,NA,NA,NA,20461,21359,18569,16337,12179,11516,9229,5783,4687
AR_M_105,188018,91051,96967,NA,NA,NA,NA,NA,NA,30452,33913,29342,25149,19732,19015,15403,9733,343
AR_M_112,16374,8312,8062,NA,NA,NA,NA,NA,NA,2946,3353,2588,2149,1679,1521,1202,663,775
AR_M_119,49458,24424,25034,NA,NA,NA,NA,NA,NA,9750,9323,8008,6904,5170,4457,3232,1822,333
AR_M_126,32524,16533,15991,NA,NA,NA,NA,NA,NA,6865,6748,5735,4407,3237,2607,1741,845,999
AR_N,1247362,547335,554258,NA,NA,NA,NA,NA,NA,230038,247911,173725,143531,114336,91107,55858,31848,12073
AR_N_007,42249,20843,21406,NA,NA,NA,NA,NA,NA,9218,9757,6197,5391,4254,3331,2146,1346,512
AR_N_014,53403,27305,26098,NA,NA,NA,NA,NA,NA,12251,12741,8007,6397,5142,3995,2694,1626,372
AR_N_021,27040,13734,13306,NA,NA,NA,NA,NA,NA,5858,6284,3949,3510,2635,2258,1413,830,3991
AR_N_028,324756,155535,169221,NA,NA,NA,NA,NA,NA,59813,67269,55084,44267,36281,29123,17994,10390,170
AR_N_035,9577,4781,4796,NA,NA,NA,NA,NA,NA,2214,2256,1299,1071,946,786,520,338,1003
AR_N_042,78221,38903,39318,NA,NA,NA,NA,NA,NA,15822,17345,12185,10262,8057,6892,4175,2407,386
AR_N_049,42902,22184,20718,NA,NA,NA,NA,NA,NA,10563,10788,6622,5635,4230,2798,1392,643,427
AR_N_056,67897,34912,32985,NA,NA,NA,NA,NA,NA,16518,16733,10636,8593,6512,4601,2617,1255,659
AR_N_063,82227,41294,40933,NA,NA,NA,NA,NA,NA,17750,18725,13428,11243,8554,6646,3512,1683,751
AR_N_070,45075,22493,22582,NA,NA,NA,NA,NA,NA,8772,9683,6732,6050,4918,3944,2600,1692,627
AR_N_077,46561,23433,23128,NA,NA,NA,NA,NA,NA,9784,10642,6939,5855,4908,3941,2492,1399,516
AR_N_084,36745,18431,18314,NA,NA,NA,NA,NA,NA,7809,8651,5358,4654,3581,3069,1937,1144,1246
AR_N_091,107501,53624,53877,NA,NA,NA,NA,NA,NA,22624,23676,17004,13835,10694,8978,5801,3492,712
AR_N_098,57728,28942,28786,NA,NA,NA,NA,NA,NA,12323,13869,8285,6904,5839,4829,3084,1783,236
AR_N_105,20906,10469,10437,NA,NA,NA,NA,NA,NA,4604,4764,3114,2663,2048,1714,1131,619,165
AR_N_112,31051,16215,14836,NA,NA,NA,NA,NA,NA,8029,8136,4709,3657,2812,1961,1037,523,190
AR_N_119,27754,14237,13517,NA,NA,NA,NA,NA,NA,6086,6592,4177,3544,2925,2241,1313,678,110
AR_P,600229,262395,267767,NA,NA,NA,NA,NA,NA,104818,121860,79128,67996,56422,46556,29228,16849,7314
AR_P_007,14046,7539,6507,NA,NA,NA,NA,NA,NA,3543,3408,2019,1749,1249,969,621,350,420
AR_P_014,234354,113082,121272,NA,NA,NA,NA,NA,NA,42357,51520,38051,32300,26079,21027,12793,7248,2620
AR_P_021,17063,8772,8291,NA,NA,NA,NA,NA,NA,3565,4243,2242,2013,1717,1414,966,617,284
AR_P_028,14375,7138,7237,NA,NA,NA,NA,NA,NA,3524,3618,2271,1785,1363,905,537,269,321
AR_P_035,68581,35127,33454,NA,NA,NA,NA,NA,NA,14602,16428,9603,8205,7059,5701,3863,2150,864
AR_P_042,18399,9525,8874,NA,NA,NA,NA,NA,NA,3889,4561,2306,2096,2047,1590,968,617,443
AR_P_049,85024,41837,43187,NA,NA,NA,NA,NA,NA,16033,19207,11784,10468,9265,8346,5226,3247,1384
AR_P_056,64566,32358,32208,NA,NA,NA,NA,NA,NA,13042,15367,8610,7723,6657,6091,3887,2200,875
AR_P_063,13754,7017,6737,NA,NA,NA,NA,NA,NA,4263,3508,2242,1657,986,513,367,151,103
AR_Q,655501,273608,277658,NA,NA,NA,NA,NA,NA,96198,102360,92274,87551,66473,51597,31826,15911,8682
AR_Q_007,8306,4271,4035,NA,NA,NA,NA,NA,NA,1578,1639,1286,1322,1033,706,414,215,590
AR_Q_014,10786,5677,5109,NA,NA,NA,NA,NA,NA,2331,2208,1980,1655,1186,769,421,194,61
AR_Q_021,2155,1170,985,NA,NA,NA,NA,NA,NA,382,429,350,295,229,192,151,93,112
AR_Q_028,4532,2303,2229,NA,NA,NA,NA,NA,NA,777,1073,660,666,542,405,231,122,4278
AR_Q_035,362673,177618,185055,NA,NA,NA,NA,NA,NA,61065,65508,62084,56590,43493,35686,22348,11009,171
AR_Q_042,15256,7607,7649,NA,NA,NA,NA,NA,NA,2589,3192,2505,2402,1905,1308,746,413,354
AR_Q_049,14725,7363,7362,NA,NA,NA,NA,NA,NA,2681,3007,2526,2342,1767,1171,655,393,354
AR_Q_056,29748,14789,14959,NA,NA,NA,NA,NA,NA,5407,5349,4268,5030,3972,2808,1721,795,99
AR_Q_063,6925,3499,3426,NA,NA,NA,NA,NA,NA,1310,1383,1108,1097,777,587,344,225,116
AR_Q_070,11998,6111,5887,NA,NA,NA,NA,NA,NA,2103,2053,1745,2188,1658,1100,747,276,83
AR_Q_077,7234,3738,3496,NA,NA,NA,NA,NA,NA,1274,1571,1058,1320,887,515,343,176,68
AR_Q_084,4692,2483,2209,NA,NA,NA,NA,NA,NA,814,1010,686,784,575,376,229,168,171
AR_Q_091,24087,12980,11107,NA,NA,NA,NA,NA,NA,5120,4298,4381,4769,2704,1638,763,301,202
AR_Q_098,4578,2397,2181,NA,NA,NA,NA,NA,NA,833,935,655,680,550,404,279,174,128
AR_Q_105,7022,3628,3394,NA,NA,NA,NA,NA,NA,1337,1529,1098,998,823,546,388,216,688
AR_Q_112,36549,17974,18575,NA,NA,NA,NA,NA,NA,6597,7176,5884,5413,4372,3386,2046,1141,1207
AR_R,738060,316774,321871,NA,NA,NA,NA,NA,NA,107258,118106,101023,95242,75647,62334,43541,23936,11561
AR_R_007,57678,28439,29239,NA,NA,NA,NA,NA,NA,9695,10257,8987,8594,6799,5806,4266,2165,500
AR_R_014,35323,18010,17313,NA,NA,NA,NA,NA,NA,6453,7111,5537,5285,4057,3015,2125,1187,2506
AR_R_021,133500,65986,67514,NA,NA,NA,NA,NA,NA,20834,24627,21513,20832,16474,13807,8679,4543,170
AR_R_028,7069,3552,3517,NA,NA,NA,NA,NA,NA,1167,1343,1055,1016,841,663,480,314,109
AR_R_035,5280,2887,2393,NA,NA,NA,NA,NA,NA,965,954,790,753,631,495,410,206,5140
AR_R_042,320921,157860,163061,NA,NA,NA,NA,NA,NA,54770,58604,51635,47603,37452,31076,21829,12104,82
AR_R_049,3475,1862,1613,NA,NA,NA,NA,NA,NA,592,721,467,480,475,292,224,162,98
AR_R_063,14107,6943,7164,NA,NA,NA,NA,NA,NA,2065,2719,2103,1846,1685,1408,1155,694,150
AR_R_070,7428,3769,3659,NA,NA,NA,NA,NA,NA,1247,1479,902,1082,991,757,502,321,491
AR_R_077,29284,14815,14469,NA,NA,NA,NA,NA,NA,5096,5470,4301,4347,3425,2870,2146,1141,137
AR_R_084,7101,3586,3515,NA,NA,NA,NA,NA,NA,1221,1401,1010,954,862,614,562,344,294
AR_R_091,15743,8060,7683,NA,NA,NA,NA,NA,NA,2909,3091,2487,2218,1779,1322,987,663,1487
AR_S,3509113,1547861,1646676,NA,NA,NA,NA,NA,NA,489556,527550,524380,455825,359718,323923,249593,167783,91705
AR_S_007,44788,21865,22923,NA,NA,NA,NA,NA,NA,6781,7086,6726,6461,5081,4717,3886,2587,3803
AR_S_014,82100,39780,42320,NA,NA,NA,NA,NA,NA,10797,11600,12699,11188,9292,9331,7841,5759,4804
AR_S_021,178092,87793,90299,NA,NA,NA,NA,NA,NA,29510,30309,28139,24938,20588,17096,13402,8889,2883
AR_S_028,86910,42453,44457,NA,NA,NA,NA,NA,NA,13164,13685,13208,11888,10051,9157,7358,5397,1877
AR_S_035,20890,10557,10333,NA,NA,NA,NA,NA,NA,3713,4655,3382,2671,2069,1794,1400,785,6261
AR_S_042,191024,93181,97843,NA,NA,NA,NA,NA,NA,28259,30663,27430,25709,22444,20537,16914,12312,2782
AR_S_049,176410,86966,89444,NA,NA,NA,NA,NA,NA,32676,36111,27129,23767,19718,16765,10725,6539,6269
AR_S_056,66675,32551,34124,NA,NA,NA,NA,NA,NA,9284,10197,10012,8961,7627,7338,6105,4495,11586
AR_S_063,525093,250959,274134,NA,NA,NA,NA,NA,NA,84674,89167,89362,76781,57234,51339,39147,24201,3150
AR_S_070,104946,51674,53272,NA,NA,NA,NA,NA,NA,16116,16846,17167,14931,11936,10335,8204,5883,660
AR_S_077,29832,15043,14789,NA,NA,NA,NA,NA,NA,6027,6188,4368,4057,3253,2710,1867,965,34129
AR_S_084,1193605,571506,622099,NA,NA,NA,NA,NA,NA,167758,183016,208893,176902,134586,123751,94893,64807,2094
AR_S_091,68878,34019,34859,NA,NA,NA,NA,NA,NA,11811,12714,9978,9181,7810,6843,5215,3435,785
AR_S_098,30959,15497,15462,NA,NA,NA,NA,NA,NA,5534,6964,4666,3837,3295,2925,1972,1213,2534
AR_S_105,80840,40134,40706,NA,NA,NA,NA,NA,NA,12395,13814,12446,11106,9168,8061,6521,4554,1103
AR_S_112,40904,20124,20780,NA,NA,NA,NA,NA,NA,6654,7438,5997,5418,4562,4034,3307,2257,3595
AR_S_119,157255,76668,80587,NA,NA,NA,NA,NA,NA,25141,25898,26058,22815,17889,15604,12020,7767,2223
AR_S_126,63842,31405,32437,NA,NA,NA,NA,NA,NA,9541,10124,9304,8493,7640,6734,5421,4025,838
AR_S_133,51494,25686,25808,NA,NA,NA,NA,NA,NA,9721,11075,7416,6721,5475,4852,3395,1913,329
AR_T,1674622,707387,740801,NA,NA,NA,NA,NA,NA,264834,284014,239503,206176,147332,137494,90953,52214,24566
AR_T_007,36951,18979,17972,NA,NA,NA,NA,NA,NA,7813,8247,6033,4715,3300,3127,2047,1148,1931
AR_T_014,180499,89223,91276,NA,NA,NA,NA,NA,NA,36252,37756,29964,26233,17529,15773,9906,5004,1322
AR_T_021,80735,39556,41179,NA,NA,NA,NA,NA,NA,14980,16717,12687,11288,8094,7336,5313,2867,463
AR_T_028,34542,17216,17326,NA,NA,NA,NA,NA,NA,7201,7443,5696,4697,3119,3141,1888,921,302
AR_T_035,13551,7035,6516,NA,NA,NA,NA,NA,NA,2597,2957,2017,1692,1327,1264,888,519,609
AR_T_042,30237,14910,15327,NA,NA,NA,NA,NA,NA,5621,6320,4804,4066,3100,2897,1865,991,333
AR_T_049,19002,9578,9424,NA,NA,NA,NA,NA,NA,3846,4331,2985,2479,1827,1637,1024,561,1974
AR_T_056,54949,27715,27234,NA,NA,NA,NA,NA,NA,10149,11046,8556,7379,5482,5454,3692,2222,701
AR_T_063,68474,33945,34529,NA,NA,NA,NA,NA,NA,14362,13876,11381,10306,6386,5831,3754,1884,1052
AR_T_070,63641,31424,32217,NA,NA,NA,NA,NA,NA,11969,12593,10248,8706,6135,6234,4164,2425,1033
AR_T_077,56847,28298,28549,NA,NA,NA,NA,NA,NA,10625,11763,8963,7974,5515,5525,3577,1940,10827
AR_T_084,548866,261010,287856,NA,NA,NA,NA,NA,NA,89869,97276,95693,80038,57369,55375,37805,23203,774
AR_T_091,30876,15878,14998,NA,NA,NA,NA,NA,NA,5636,6353,4577,3676,2970,3213,2175,1493,296
AR_T_098,14933,7664,7269,NA,NA,NA,NA,NA,NA,2855,3064,2247,1904,1596,1325,941,691,1532
AR_T_105,121638,59487,62151,NA,NA,NA,NA,NA,NA,23773,25049,19317,17871,12695,10800,6707,3727,265
AR_T_112,17371,8893,8478,NA,NA,NA,NA,NA,NA,3668,3975,2460,2240,1654,1309,1091,671,772
AR_T_119,75076,36576,38500,NA,NA,NA,NA,NA,NA,13618,15248,11875,10912,9234,7253,4116,1947,380
AR_U,618994,254649,254459,NA,NA,NA,NA,NA,NA,88971,91975,85587,80492,59246,47686,30594,16720,8308
AR_U_007,82883,41186,41697,NA,NA,NA,NA,NA,NA,15726,15537,13974,13301,9342,7432,4581,2108,936
AR_U_014,20919,10562,10357,NA,NA,NA,NA,NA,NA,3692,4238,2988,3107,2444,2081,1278,723,361
AR_U_021,186583,93795,92788,NA,NA,NA,NA,NA,NA,32148,31259,33312,30308,21909,18005,10543,6168,2872
AR_U_028,1627,923,704,NA,NA,NA,NA,NA,NA,266,347,254,258,190,153,103,41,113
AR_U_035,43076,21043,22033,NA,NA,NA,NA,NA,NA,7297,8275,6972,6678,5088,3899,2649,1472,712
AR_U_042,11141,5775,5366,NA,NA,NA,NA,NA,NA,1961,2114,1731,1617,1240,913,827,500,210
AR_U_070,1867,1062,805,NA,NA,NA,NA,NA,NA,304,400,246,251,232,186,142,78,285
AR_U_077,131313,64396,66917,NA,NA,NA,NA,NA,NA,22210,24120,21027,20550,15548,12436,8712,4554,1921
AR_U_084,5979,3299,2680,NA,NA,NA,NA,NA,NA,1010,1162,1045,859,660,551,368,229,113
AR_U_091,11396,5898,5498,NA,NA,NA,NA,NA,NA,2292,2246,2109,1777,1131,866,516,298,161
AR_U_098,5390,2845,2545,NA,NA,NA,NA,NA,NA,926,1033,921,776,606,477,341,227,114
AR_U_105,1644,876,768,NA,NA,NA,NA,NA,NA,261,304,237,236,193,155,138,78,303
AR_V,169183,65255,61950,NA,NA,NA,NA,NA,NA,23079,23370,21927,21227,17270,12192,5257,2114,316
AR_V_007,70042,35947,34095,NA,NA,NA,NA,NA,NA,13055,13063,12466,11220,9037,6707,2878,1196,316
AR_V_014,56956,29130,27826,NA,NA,NA,NA,NA,NA,10015,10300,9435,9907,8183,5471,2378,918,0
AR_V_028,190,161,29,NA,NA,NA,NA,NA,NA,9,7,25,88,47,13,1,0,0
AR_W,1111052,485075,507520,NA,NA,NA,NA,NA,NA,186155,209894,158623,129052,106132,90690,60459,35012,16575
AR_W_007,37181,18482,18699,NA,NA,NA,NA,NA,NA,7028,8172,5687,4687,4015,3400,2412,1252,659
AR_W_014,2461,1260,1201,NA,NA,NA,NA,NA,NA,463,537,311,347,258,208,162,98,87
AR_W_021,358223,171461,186762,NA,NA,NA,NA,NA,NA,60081,70545,66072,49616,39586,33870,21043,11959,5339
AR_W_028,21113,10881,10232,NA,NA,NA,NA,NA,NA,5026,5253,2976,2511,1910,1497,1004,644,284
AR_W_035,44384,21619,22765,NA,NA,NA,NA,NA,NA,8543,9184,5929,5639,4872,4280,3174,1852,901
AR_W_042,15109,7467,7642,NA,NA,NA,NA,NA,NA,2813,3395,2273,1883,1550,1348,899,628,320
AR_W_049,30802,15111,15691,NA,NA,NA,NA,NA,NA,6381,6686,4346,3745,3020,2736,2081,1149,639
AR_W_056,7926,3919,4007,NA,NA,NA,NA,NA,NA,1540,1686,1041,906,849,786,604,330,218
AR_W_063,14836,7405,7431,NA,NA,NA,NA,NA,NA,2652,3325,2038,1750,1536,1465,1057,703,307
AR_W_070,89959,43314,46645,NA,NA,NA,NA,NA,NA,16894,18758,12677,11374,9914,8655,6252,3692,1719
AR_W_077,9171,4537,4634,NA,NA,NA,NA,NA,NA,1697,2086,1375,1073,907,884,606,375,179
AR_W_084,31150,15694,15456,NA,NA,NA,NA,NA,NA,6326,7285,4650,3635,3428,2840,1673,895,408
AR_W_091,28759,14646,14113,NA,NA,NA,NA,NA,NA,6330,6786,4413,3657,2723,2138,1470,831,415
AR_W_098,9252,4561,4691,NA,NA,NA,NA,NA,NA,1853,2062,1233,1050,996,844,589,411,231
AR_W_105,40667,20076,20591,NA,NA,NA,NA,NA,NA,7609,9266,5704,5276,4400,3575,2610,1487,737
AR_W_112,36338,18178,18160,NA,NA,NA,NA,NA,NA,6638,7210,5361,4721,3998,3612,2524,1591,666
AR_W_119,48642,23838,24804,NA,NA,NA,NA,NA,NA,10050,9883,7505,6603,5245,4388,2790,1467,700
AR_W_126,22244,10938,11306,NA,NA,NA,NA,NA,NA,4671,5171,3170,2656,2223,1890,1260,825,379
AR_W_133,14381,7244,7137,NA,NA,NA,NA,NA,NA,2532,3116,2177,1929,1620,1367,887,523,228
AR_W_140,17590,8604,8986,NA,NA,NA,NA,NA,NA,3277,3832,2657,2162,1880,1550,1109,740,381
AR_W_147,13140,6541,6599,NA,NA,NA,NA,NA,NA,2826,2782,1799,1617,1343,1165,863,504,243
AR_W_154,10572,5286,5286,NA,NA,NA,NA,NA,NA,2382,2807,1322,1144,903,873,608,356,190
AR_W_161,18366,9073,9293,NA,NA,NA,NA,NA,NA,3766,4411,2422,2166,1788,1565,1136,748,366
AR_W_168,61297,30522,30775,NA,NA,NA,NA,NA,NA,12974,13630,10383,7880,6250,4889,2983,1563,730
AR_W_175,9032,4418,4614,NA,NA,NA,NA,NA,NA,1803,2026,1102,1025,918,865,663,389,249
AR_X,3722332,1605088,1703788,NA,NA,NA,NA,NA,NA,528145,560862,535050,471381,372593,327282,260652,164952,87123
AR_X_007,54730,27330,27400,NA,NA,NA,NA,NA,NA,8961,9664,7349,7539,6155,5776,4982,2850,1525
AR_X_014,1329604,634341,695263,NA,NA,NA,NA,NA,NA,207716,219514,242119,198252,144452,126438,98047,60559,31715
AR_X_021,225151,110176,114975,NA,NA,NA,NA,NA,NA,41825,41093,35172,33847,26053,19976,14592,8427,4091
AR_X_028,58759,29130,29629,NA,NA,NA,NA,NA,NA,10212,11966,8594,7616,6243,5571,4339,2778,1474
AR_X_035,35645,18041,17604,NA,NA,NA,NA,NA,NA,5855,6093,5366,4807,4087,3631,3048,1854,901
AR_X_042,127454,62417,65037,NA,NA,NA,NA,NA,NA,20273,20767,20489,17843,14468,13182,10080,6856,3447
AR_X_049,31312,15159,16153,NA,NA,NA,NA,NA,NA,5801,6061,4381,3785,3370,2974,2415,1668,926
AR_X_056,61078,30490,30588,NA,NA,NA,NA,NA,NA,9969,10300,9126,8417,7398,6121,4894,3179,1656
AR_X_063,104205,50972,53233,NA,NA,NA,NA,NA,NA,14603,16208,14702,13997,12196,11628,9865,6912,4007
AR_X_070,4727,2433,2294,NA,NA,NA,NA,NA,NA,792,960,548,562,531,478,420,294,163
AR_X_077,5380,2769,2611,NA,NA,NA,NA,NA,NA,896,997,637,679,618,551,496,329,344
AR_X_084,36282,17905,18377,NA,NA,NA,NA,NA,NA,5895,6024,4966,4861,4113,3785,3295,2158,1332
AR_X_091,178401,85270,93131,NA,NA,NA,NA,NA,NA,26586,30844,24170,24193,20786,19439,16534,10398,5304
AR_X_098,246393,119713,126680,NA,NA,NA,NA,NA,NA,37184,39639,38811,34060,28886,25504,21229,13649,7264
AR_X_105,46675,23230,23445,NA,NA,NA,NA,NA,NA,8376,8948,7045,6489,5136,4186,3404,2131,986
AR_X_112,13242,6710,6532,NA,NA,NA,NA,NA,NA,2554,2836,1709,1666,1502,1230,967,526,265
AR_X_119,103718,50613,53105,NA,NA,NA,NA,NA,NA,16265,18116,15744,14394,12116,10496,8364,5520,2696
AR_X_126,37004,18339,18665,NA,NA,NA,NA,NA,NA,6404,7456,5047,4959,4413,3474,2801,1645,921
AR_X_133,53520,26006,27514,NA,NA,NA,NA,NA,NA,8958,10036,7538,7211,6310,5366,4131,2535,1429
AR_X_140,206307,101224,105083,NA,NA,NA,NA,NA,NA,33198,33867,30327,28354,23908,21140,17258,11634,6488
AR_X_147,98188,49230,48958,NA,NA,NA,NA,NA,NA,16546,17441,15662,14375,10957,9487,7260,4340,2157
AR_X_154,4591,2378,2213,NA,NA,NA,NA,NA,NA,837,916,612,570,522,419,382,221,116
AR_X_161,109554,53148,56406,NA,NA,NA,NA,NA,NA,16628,17828,15387,14450,12816,12091,10083,6517,3686
AR_X_168,18556,9319,9237,NA,NA,NA,NA,NA,NA,3366,3525,2756,2665,2131,1648,1311,766,444
AR_X_175,12673,6496,6177,NA,NA,NA,NA,NA,NA,2113,2425,1680,1527,1423,1323,1125,711,359
AR_X_182,105727,52249,53478,NA,NA,NA,NA,NA,NA,16332,17338,15113,14263,12003,11368,9330,6495,3427
AR_Y,762440,329990,343317,NA,NA,NA,NA,NA,NA,124735,142422,108319,98976,69965,57960,39462,22213,9190
AR_Y_007,12656,5994,6662,NA,NA,NA,NA,NA,NA,2929,3230,1894,1475,1060,877,619,393,239
AR_Y_014,97039,48841,48198,NA,NA,NA,NA,NA,NA,19798,21667,16531,14556,9268,7123,4626,2571,1183
AR_Y_021,265249,127467,137782,NA,NA,NA,NA,NA,NA,45338,52636,43361,40511,29337,24258,16381,9233,3721
AR_Y_028,17366,8442,8924,NA,NA,NA,NA,NA,NA,3613,3882,2806,2303,1759,1258,992,522,263
AR_Y_035,81790,40826,40964,NA,NA,NA,NA,NA,NA,15475,17574,12421,12268,8505,7280,4907,2483,859
AR_Y_042,52631,25914,26717,NA,NA,NA,NA,NA,NA,9555,10761,8699,7742,5331,4755,3219,1872,624
AR_Y_049,2488,1390,1098,NA,NA,NA,NA,NA,NA,500,534,418,368,224,199,152,60,38
AR_Y_056,4466,2275,2191,NA,NA,NA,NA,NA,NA,842,976,698,643,459,375,249,152,165
AR_Y_063,75037,36954,38083,NA,NA,NA,NA,NA,NA,13487,15872,11666,10414,7928,7001,4765,2787,1093
AR_Y_070,17730,9178,8552,NA,NA,NA,NA,NA,NA,3626,4446,2645,2395,1651,1332,895,558,175
AR_Y_077,2800,1379,1421,NA,NA,NA,NA,NA,NA,654,714,332,338,241,228,166,87,54
AR_Y_084,3791,1901,1890,NA,NA,NA,NA,NA,NA,951,937,605,465,342,228,139,84,56
AR_Y_094,12349,6095,6254,NA,NA,NA,NA,NA,NA,2329,2738,1982,1842,1139,864,789,439,231
AR_Y_098,4658,2306,2352,NA,NA,NA,NA,NA,NA,798,1022,751,634,411,383,330,219,101
AR_Y_105,2451,1254,1197,NA,NA,NA,NA,NA,NA,567,540,329,293,230,203,126,97,91
AR_Y_112,20806,9774,11032,NA,NA,NA,NA,NA,NA,4273,4893,3181,2729,2080,1596,1107,656,297
AR_Z,356647,141087,132877,NA,NA,NA,NA,NA,NA,52140,49158,48995,46031,32144,23353,13091,6596,5164
AR_Z_007,11093,5773,5320,NA,NA,NA,NA,NA,NA,2150,1877,2252,1804,1206,904,465,268,763
AR_Z_014,107630,55505,52125,NA,NA,NA,NA,NA,NA,21789,20025,19324,18208,12160,8423,4494,2402,1072
AR_Z_021,113267,57451,55816,NA,NA,NA,NA,NA,NA,20471,20856,19539,17949,13835,10513,5985,3009,299
AR_Z_028,18864,9709,9155,NA,NA,NA,NA,NA,NA,3425,2505,3626,4099,2141,1584,1072,307,575
AR_Z_035,8750,4902,3848,NA,NA,NA,NA,NA,NA,1513,1513,1585,1460,1164,779,405,238,771
AR_Z_042,9202,4794,4408,NA,NA,NA,NA,NA,NA,1813,1586,1595,1611,1017,738,445,271,384
AR_Z_049,5158,2953,2205,NA,NA,NA,NA,NA,NA,979,796,1074,900,621,412,225,101,1300
AS,55197,NA,NA,7109,48203,NA,NA,275.985,NA,NA,NA,NA,NA,NA,NA,NA,NA,NA
AT,8858775,4357033,4501742,3682651,5194416,1915338,1915338,107.1,0.908,855419,862277,1134471,1203124,1209216,1382468,989286,779997,442517
AT_1,293433,143946,149487,NA,NA,NA,NA,77.5,NA,25142,27164,29224,34971,41701,49207,40518,27522,17984
AT_1_101,14476,NA,NA,NA,NA,NA,NA,NA,NA,NA,NA,NA,NA,NA,NA,NA,NA,NA
AT_1_102,1984,NA,NA,NA,NA,NA,NA,NA,NA,NA,NA,NA,NA,NA,NA,NA,NA,NA
AT_1_103,42066,NA,NA,NA,NA,NA,NA,NA,NA,NA,NA,NA,NA,NA,NA,NA,NA,NA
AT_1_104,26266,NA,NA,NA,NA,NA,NA,NA,NA,NA,NA,NA,NA,NA,NA,NA,NA,NA
AT_1_105,17289,NA,NA,NA,NA,NA,NA,NA,NA,NA,NA,NA,NA,NA,NA,NA,NA,NA
AT_1_106,39599,NA,NA,NA,NA,NA,NA,NA,NA,NA,NA,NA,NA,NA,NA,NA,NA,NA
AT_1_107,58007,NA,NA,NA,NA,NA,NA,NA,NA,NA,NA,NA,NA,NA,NA,NA,NA,NA
AT_1_108,37513,18418,19095,NA,NA,NA,NA,54.2,NA,3061,3370,3539,4140,5221,6280,5524,3750,2628
AT_1_109,53955,NA,NA,NA,NA,NA,NA,NA,NA,NA,NA,NA,NA,NA,NA,NA,NA,NA
AT_2,560939,273484,287455,NA,NA,NA,NA,59.9,NA,48898,53326,60867,68129,74569,93267,72921,55508,33454
AT_2_201,101403,NA,NA,NA,NA,NA,NA,NA,NA,NA,NA,NA,NA,NA,NA,NA,NA,NA
AT_2_202,61879,NA,NA,NA,NA,NA,NA,NA,NA,NA,NA,NA,NA,NA,NA,NA,NA,NA
AT_2_203,18224,NA,NA,NA,NA,NA,NA,NA,NA,NA,NA,NA,NA,NA,NA,NA,NA,NA
AT_2_204,59800,NA,NA,NA,NA,NA,NA,NA,NA,NA,NA,NA,NA,NA,NA,NA,NA,NA
AT_2_205,53880,NA,NA,NA,NA,NA,NA,NA,NA,NA,NA,NA,NA,NA,NA,NA,NA,NA
AT_2_206,76248,NA,NA,NA,NA,NA,NA,NA,NA,NA,NA,NA,NA,NA,NA,NA,NA,NA
AT_2_207,64668,NA,NA,NA,NA,NA,NA,NA,NA,NA,NA,NA,NA,NA,NA,NA,NA,NA
AT_2_208,41878,NA,NA,NA,NA,NA,NA,NA,NA,NA,NA,NA,NA,NA,NA,NA,NA,NA
AT_2_209,52726,NA,NA,NA,NA,NA,NA,NA,NA,NA,NA,NA,NA,NA,NA,NA,NA,NA
AT_2_210,29937,NA,NA,NA,NA,NA,NA,NA,NA,NA,NA,NA,NA,NA,NA,NA,NA,NA
AT_3,1677542,825898,851644,NA,NA,NA,NA,88.5,NA,159465,168420,187627,206546,234138,276998,195636,158118,90594
AT_3_301,24610,NA,NA,NA,NA,NA,NA,NA,NA,NA,NA,NA,NA,NA,NA,NA,NA,NA
AT_3_302,131044,NA,NA,NA,NA,NA,NA,NA,NA,NA,NA,NA,NA,NA,NA,NA,NA,NA
AT_3_303,11333,NA,NA,NA,NA,NA,NA,NA,NA,NA,NA,NA,NA,NA,NA,NA,NA,NA
AT_3_304,44461,NA,NA,NA,NA,NA,NA,NA,NA,NA,NA,NA,NA,NA,NA,NA,NA,NA
AT_3_305,115676,NA,NA,NA,NA,NA,NA,NA,NA,NA,NA,NA,NA,NA,NA,NA,NA,NA
AT_3_306,146203,NA,NA,NA,NA,NA,NA,NA,NA,NA,NA,NA,NA,NA,NA,NA,NA,NA
AT_3_307,44969,NA,NA,NA,NA,NA,NA,NA,NA,NA,NA,NA,NA,NA,NA,NA,NA,NA
AT_3_308,103686,NA,NA,NA,NA,NA,NA,NA,NA,NA,NA,NA,NA,NA,NA,NA,NA,NA
AT_3_309,36773,NA,NA,NA,NA,NA,NA,NA,NA,NA,NA,NA,NA,NA,NA,NA,NA,NA
AT_3_310,50858,NA,NA,NA,NA,NA,NA,NA,NA,NA,NA,NA,NA,NA,NA,NA,NA,NA
AT_3_311,31090,NA,NA,NA,NA,NA,NA,NA,NA,NA,NA,NA,NA,NA,NA,NA,NA,NA
AT_3_312,90889,NA,NA,NA,NA,NA,NA,NA,NA,NA,NA,NA,NA,NA,NA,NA,NA,NA
AT_3_313,56596,NA,NA,NA,NA,NA,NA,NA,NA,NA,NA,NA,NA,NA,NA,NA,NA,NA
AT_3_314,25818,NA,NA,NA,NA,NA,NA,NA,NA,NA,NA,NA,NA,NA,NA,NA,NA,NA
AT_3_315,77962,NA,NA,NA,NA,NA,NA,NA,NA,NA,NA,NA,NA,NA,NA,NA,NA,NA
AT_3_316,75483,NA,NA,NA,NA,NA,NA,NA,NA,NA,NA,NA,NA,NA,NA,NA,NA,NA
AT_3_317,118998,NA,NA,NA,NA,NA,NA,NA,NA,NA,NA,NA,NA,NA,NA,NA,NA,NA
AT_3_318,86291,NA,NA,NA,NA,NA,NA,NA,NA,NA,NA,NA,NA,NA,NA,NA,NA,NA
AT_3_319,131044,NA,NA,NA,NA,NA,NA,NA,NA,NA,NA,NA,NA,NA,NA,NA,NA,NA
AT_3_320,41403,NA,NA,NA,NA,NA,NA,NA,NA,NA,NA,NA,NA,NA,NA,NA,NA,NA
AT_3_321,103771,NA,NA,NA,NA,NA,NA,NA,NA,NA,NA,NA,NA,NA,NA,NA,NA,NA
AT_3_322,25888,NA,NA,NA,NA,NA,NA,NA,NA,NA,NA,NA,NA,NA,NA,NA,NA,NA
AT_3_323,77991,NA,NA,NA,NA,NA,NA,NA,NA,NA,NA,NA,NA,NA,NA,NA,NA,NA
AT_3_325,42222,NA,NA,NA,NA,NA,NA,NA,NA,NA,NA,NA,NA,NA,NA,NA,NA,NA
AT_4,1482095,735399,746696,NA,NA,NA,NA,126.1,NA,150469,150381,186579,196146,196756,235381,168069,123065,75249
AT_4_401,204846,NA,NA,NA,NA,NA,NA,NA,NA,NA,NA,NA,NA,NA,NA,NA,NA,NA
AT_4_402,38331,NA,NA,NA,NA,NA,NA,NA,NA,NA,NA,NA,NA,NA,NA,NA,NA,NA
AT_4_403,61233,NA,NA,NA,NA,NA,NA,NA,NA,NA,NA,NA,NA,NA,NA,NA,NA,NA
AT_4_404,104408,NA,NA,NA,NA,NA,NA,NA,NA,NA,NA,NA,NA,NA,NA,NA,NA,NA
AT_4_405,33422,NA,NA,NA,NA,NA,NA,NA,NA,NA,NA,NA,NA,NA,NA,NA,NA,NA
AT_4_406,66621,NA,NA,NA,NA,NA,NA,NA,NA,NA,NA,NA,NA,NA,NA,NA,NA,NA
AT_4_409,57163,NA,NA,NA,NA,NA,NA,NA,NA,NA,NA,NA,NA,NA,NA,NA,NA,NA
AT_4_412,58203,NA,NA,NA,NA,NA,NA,NA,NA,NA,NA,NA,NA,NA,NA,NA,NA,NA
AT_4_418,73094,NA,NA,NA,NA,NA,NA,NA,NA,NA,NA,NA,NA,NA,NA,NA,NA,NA
AT_5,555221,271580,283641,NA,NA,NA,NA,78.5,NA,54434,55549,70246,75875,75010,86302,62314,49170,26321
AT_5_501,155021,NA,NA,NA,NA,NA,NA,NA,NA,NA,NA,NA,NA,NA,NA,NA,NA,NA
AT_5_502,59568,NA,NA,NA,NA,NA,NA,NA,NA,NA,NA,NA,NA,NA,NA,NA,NA,NA
AT_5_503,148738,NA,NA,NA,NA,NA,NA,NA,NA,NA,NA,NA,NA,NA,NA,NA,NA,NA
AT_5_504,79579,NA,NA,NA,NA,NA,NA,NA,NA,NA,NA,NA,NA,NA,NA,NA,NA,NA
AT_5_505,20320,10097,10223,NA,NA,NA,NA,20.1,NA,1821,2126,2468,2380,2677,3351,2459,1904,1134
AT_5_506,86441,NA,NA,NA,NA,NA,NA,NA,NA,NA,NA,NA,NA,NA,NA,NA,NA,NA
AT_6,1243052,613833,629219,NA,NA,NA,NA,76.4,NA,111091,113935,156515,162552,168382,197211,147658,115255,70453
AT_6_601,289440,NA,NA,NA,NA,NA,NA,NA,NA,NA,NA,NA,NA,NA,NA,NA,NA,NA
AT_6_603,60821,NA,NA,NA,NA,NA,NA,NA,NA,NA,NA,NA,NA,NA,NA,NA,NA,NA
AT_6_606,148830,NA,NA,NA,NA,NA,NA,NA,NA,NA,NA,NA,NA,NA,NA,NA,NA,NA
AT_6_610,84155,NA,NA,NA,NA,NA,NA,NA,NA,NA,NA,NA,NA,NA,NA,NA,NA,NA
AT_6_611,60060,NA,NA,NA,NA,NA,NA,NA,NA,NA,NA,NA,NA,NA,NA,NA,NA,NA
AT_6_612,79901,39113,40788,NA,NA,NA,NA,24.3,NA,6957,7623,8543,9551,10487,12959,10331,8374,5076
AT_6_614,27659,NA,NA,NA,NA,NA,NA,NA,NA,NA,NA,NA,NA,NA,NA,NA,NA,NA
AT_6_616,51330,NA,NA,NA,NA,NA,NA,NA,NA,NA,NA,NA,NA,NA,NA,NA,NA,NA
AT_6_617,90343,NA,NA,NA,NA,NA,NA,NA,NA,NA,NA,NA,NA,NA,NA,NA,NA,NA
AT_6_620,72004,NA,NA,NA,NA,NA,NA,NA,NA,NA,NA,NA,NA,NA,NA,NA,NA,NA
AT_6_621,98984,NA,NA,NA,NA,NA,NA,NA,NA,NA,NA,NA,NA,NA,NA,NA,NA,NA
AT_6_622,90622,NA,NA,NA,NA,NA,NA,NA,NA,NA,NA,NA,NA,NA,NA,NA,NA,NA
AT_6_623,84276,NA,NA,NA,NA,NA,NA,NA,NA,NA,NA,NA,NA,NA,NA,NA,NA,NA
AT_7,754705,372135,382570,NA,NA,NA,NA,60.2,NA,73916,73894,102571,103835,102689,118196,80144,63330,36130
AT_7_701,180453,NA,NA,NA,NA,NA,NA,NA,NA,NA,NA,NA,NA,NA,NA,NA,NA,NA
AT_7_702,58214,NA,NA,NA,NA,NA,NA,NA,NA,NA,NA,NA,NA,NA,NA,NA,NA,NA
AT_7_703,180453,NA,NA,NA,NA,NA,NA,NA,NA,NA,NA,NA,NA,NA,NA,NA,NA,NA
AT_7_704,63125,NA,NA,NA,NA,NA,NA,NA,NA,NA,NA,NA,NA,NA,NA,NA,NA,NA
AT_7_705,105466,NA,NA,NA,NA,NA,NA,NA,NA,NA,NA,NA,NA,NA,NA,NA,NA,NA
AT_7_706,44189,NA,NA,NA,NA,NA,NA,NA,NA,NA,NA,NA,NA,NA,NA,NA,NA,NA
AT_7_707,48753,24147,24606,NA,NA,NA,NA,24.3,NA,4572,5274,5712,5610,6595,8079,5612,4301,2998
AT_7_708,32670,16217,16453,NA,NA,NA,NA,26.9,NA,3114,3092,3784,4255,4503,5338,4013,2951,1620
AT_7_709,81841,NA,NA,NA,NA,NA,NA,NA,NA,NA,NA,NA,NA,NA,NA,NA,NA,NA
AT_8,394297,195755,198542,NA,NA,NA,NA,155.2,NA,42166,42753,49242,54107,55040,60127,41431,31152,18279
AT_8_801,64103,NA,NA,NA,NA,NA,NA,NA,NA,NA,NA,NA,NA,NA,NA,NA,NA,NA
AT_8_802,131350,NA,NA,NA,NA,NA,NA,NA,NA,NA,NA,NA,NA,NA,NA,NA,NA,NA
AT_8_803,86272,NA,NA,NA,NA,NA,NA,NA,NA,NA,NA,NA,NA,NA,NA,NA,NA,NA
AT_8_804,104048,NA,NA,NA,NA,NA,NA,NA,NA,NA,NA,NA,NA,NA,NA,NA,NA,NA
AT_9,1897491,925003,972488,NA,NA,NA,NA,4780.6,NA,189838,176855,291600,300963,260931,265779,180595,156877,74053
AT_9_900,1897491,925003,972488,NA,NA,NA,NA,4780.6,NA,189838,176855,291600,300963,260931,265779,180595,156877,74053
AU,25499881,12698625,12801256,3519551,21844756,4870388,15446689,3.319,0.939,3308974,3130480,3375454,3718344,3306060,3107735,2651187,1846376,1055271
AU_ACT,429834,176305,180501,NA,NA,NA,NA,NA,NA,45583,43088,58938,57611,46459,42158,32932,19519,10519
AU_NSW,8157735,3574702,3689173,NA,NA,NA,NA,NA,NA,938735,881888,940938,1057207,926122,891012,767057,545017,315898
AU_NT,245353,108481,101615,NA,NA,NA,NA,NA,NA,33939,29361,34700,36051,28608,24263,14939,6300,1936
AU_QLD,5160023,2139450,2180068,NA,NA,NA,NA,NA,NA,586188,557304,568861,622769,561829,521937,452026,293993,154611
AU_SA,1767247,784045,809548,NA,NA,NA,NA,NA,NA,189052,190500,200305,210462,205357,204168,181736,130413,81598
AU_TAS,539590,241748,252485,NA,NA,NA,NA,NA,NA,61252,61723,54798,60475,62697,67387,61183,42183,22537
AU_VIC,5926624,2624470,2721188,NA,NA,NA,NA,NA,NA,671291,639964,730553,790719,696559,642591,548670,394771,230541
AU_WA,2656156,1120500,1111402,NA,NA,NA,NA,NA,NA,295102,280867,313166,332725,298450,272067,218222,144695,76609
AW,106766,50642,56124,60019,46295,NA,NA,593.144,NA,11757,14010,14980,11244,14271,17205,13754,6958,2587
AZ,10139175,5064664,5074511,4407153,5616165,2313138,2313138,122.664,0.751,1686038,1335458,1608985,1766692,1280803,1281076,804308,242762,133053
BA,3280815,1606609,1674206,1695856,1605144,342743,NA,64.33,0.733,295212,346275,403272,458385,447738,500182,463795,242498,123458
BB,287371,139084,148287,197594,89431,NA,NA,668.305,0.8,30618,36512,37578,37124,39067,39936,33573,20154,12809
BD,164689383,83259108,81430275,102058744,60987417,20283552,25198185,1265.187,0.632,28972610,30674422,29765033,26511633,20651270,15005703,7296837,4095812,1716063
BD_A,8325666,NA,NA,NA,NA,NA,NA,NA,NA,NA,NA,NA,NA,NA,NA,NA,NA,NA
BD_A_02,892781,NA,NA,NA,NA,NA,NA,NA,NA,NA,NA,NA,NA,NA,NA,NA,NA,NA
BD_A_06,2324310,NA,NA,NA,NA,NA,NA,NA,NA,NA,NA,NA,NA,NA,NA,NA,NA,NA
BD_A_07,1776795,NA,NA,NA,NA,NA,NA,NA,NA,NA,NA,NA,NA,NA,NA,NA,NA,NA
BD_A_25,682669,NA,NA,NA,NA,NA,NA,NA,NA,NA,NA,NA,NA,NA,NA,NA,NA,NA
BD_A_50,1113257,NA,NA,NA,NA,NA,NA,NA,NA,NA,NA,NA,NA,NA,NA,NA,NA,NA
BD_A_51,1535854,NA,NA,NA,NA,NA,NA,NA,NA,NA,NA,NA,NA,NA,NA,NA,NA,NA
BD_B,29145000,NA,NA,NA,NA,NA,NA,NA,NA,NA,NA,NA,NA,NA,NA,NA,NA,NA
BD_C,49729000,23486810,21783132,NA,NA,NA,NA,NA,NA,7592167,8173138,9472921,7536229,5328696,3940120,1832448,890566,503657
BD_C_26,3028706,NA,NA,NA,NA,NA,NA,NA,NA,NA,NA,NA,NA,NA,NA,NA,NA,NA
BD_D,15687759,NA,NA,NA,NA,NA,NA,NA,NA,NA,NA,NA,NA,NA,NA,NA,NA,NA
BD_D_58,1843194,NA,NA,NA,NA,NA,NA,NA,NA,NA,NA,NA,NA,NA,NA,NA,NA,NA
BD_E,18485858,NA,NA,NA,NA,NA,NA,NA,NA,NA,NA,NA,NA,NA,NA,NA,NA,NA
BD_F,15787758,NA,NA,NA,NA,NA,NA,NA,NA,NA,NA,NA,NA,NA,NA,NA,NA,NA
BD_F_28,2069273,NA,NA,NA,NA,NA,NA,NA,NA,NA,NA,NA,NA,NA,NA,NA,NA,NA
BD_F_46,1834231,NA,NA,NA,NA,NA,NA,NA,NA,NA,NA,NA,NA,NA,NA,NA,NA,NA
BD_G,9807000,NA,NA,NA,NA,NA,NA,NA,NA,NA,NA,NA,NA,NA,NA,NA,NA,NA
BD_G_20,2089001,NA,NA,NA,NA,NA,NA,NA,NA,NA,NA,NA,NA,NA,NA,NA,NA,NA
BD_G_38,1919062,NA,NA,NA,NA,NA,NA,NA,NA,NA,NA,NA,NA,NA,NA,NA,NA,NA
BD_G_60,3434188,NA,NA,NA,NA,NA,NA,NA,NA,NA,NA,NA,NA,NA,NA,NA,NA,NA
BD_G_61,2467968,NA,NA,NA,NA,NA,NA,NA,NA,NA,NA,NA,NA,NA,NA,NA,NA,NA
BD_H,11370000,NA,NA,NA,NA,NA,NA,NA,NA,NA,NA,NA,NA,NA,NA,NA,NA,NA
BE,11455519,5644826,5810693,224973,11259082,2065284,3102595,375.3,0.931,1282761,1288307,1416867,1488564,1508902,1594256,1326035,902858,646969
BE_BRU,1215290,597008,618282,NA,NA,NA,NA,7471.5,NA,166786,139449,181599,200391,172776,140792,99336,64745,49416
BE_VAN,1860470,923515,936955,NA,NA,NA,NA,661.6,NA,211747,202668,226665,243511,237425,263345,215869,150416,108824
BE_VLG,1146643,562356,584287,NA,NA,NA,NA,540.5,NA,127630,132978,134858,141357,152846,164360,132632,91486,68496
BE_VLI,875842,436539,439303,NA,NA,NA,NA,365.8,NA,89236,91118,99256,110050,114564,133738,113864,74140,49876
BE_VOV,1516283,749219,767064,NA,NA,NA,NA,508.8,NA,162794,164054,184177,195636,201783,214782,175716,124741,92600
BE_VWV,1196995,593505,603490,NA,NA,NA,NA,379.2,NA,117645,121491,137891,138949,147881,173938,154600,117448,87152
BE_WBR,404270,196264,208006,NA,NA,NA,NA,367.3,0.92,43945,50100,49170,47837,54499,56873,47430,32883,21533
BE_WHT,1346082,655503,690579,NA,NA,NA,NA,353.9,NA,150426,161795,163653,168034,181021,184949,162303,103607,70294
BE_WLG,1110068,543844,566224,NA,NA,NA,NA,289,NA,124897,128776,139995,142428,143145,153206,132636,86038,58947
BE_WLX,286685,143144,143541,NA,NA,NA,NA,64.1,NA,33271,36589,37006,36876,38387,39124,31527,19530,14375
BE_WNA,496891,243929,252962,NA,NA,NA,NA,135.3,NA,54384,59289,62597,63495,64575,69149,60122,37824,25456
BF,20903278,10444713,10458565,14229029,6092349,2652720,2652720,76.401,0.423,6552188,5029543,3508065,2428033,1587133,977490,538877,234237,47712
BG,7000039,3395701,3604338,1719734,5256027,1276937,1276937,63.9,0.782,670392,650000,727368,969414,1062720,946529,954084,680922,338610
BG_01,323522,NA,NA,NA,NA,NA,NA,NA,NA,NA,NA,NA,NA,NA,NA,NA,NA,NA
BG_02,415817,NA,NA,NA,NA,NA,NA,NA,NA,NA,NA,NA,NA,NA,NA,NA,NA,NA
BG_03,472654,NA,NA,NA,NA,NA,NA,NA,NA,NA,NA,NA,NA,NA,NA,NA,NA,NA
BG_04,258494,NA,NA,NA,NA,NA,NA,NA,NA,NA,NA,NA,NA,NA,NA,NA,NA,NA
BG_05,91235,NA,NA,NA,NA,NA,NA,NA,NA,NA,NA,NA,NA,NA,NA,NA,NA,NA
BG_06,186848,NA,NA,NA,NA,NA,NA,NA,NA,NA,NA,NA,NA,NA,NA,NA,NA,NA
BG_07,122702,NA,NA,NA,NA,NA,NA,NA,NA,NA,NA,NA,NA,NA,NA,NA,NA,NA
BG_08,189677,NA,NA,NA,NA,NA,NA,NA,NA,NA,NA,NA,NA,NA,NA,NA,NA,NA
BG_09,152808,NA,NA,NA,NA,NA,NA,NA,NA,NA,NA,NA,NA,NA,NA,NA,NA,NA
BG_10,136686,NA,NA,NA,NA,NA,NA,NA,NA,NA,NA,NA,NA,NA,NA,NA,NA,NA
BG_11,141422,NA,NA,NA,NA,NA,NA,NA,NA,NA,NA,NA,NA,NA,NA,NA,NA,NA
BG_12,148098,NA,NA,NA,NA,NA,NA,NA,NA,NA,NA,NA,NA,NA,NA,NA,NA,NA
BG_13,275548,NA,NA,NA,NA,NA,NA,NA,NA,NA,NA,NA,NA,NA,NA,NA,NA,NA
BG_14,125456,NA,NA,NA,NA,NA,NA,NA,NA,NA,NA,NA,NA,NA,NA,NA,NA,NA
BG_15,251986,NA,NA,NA,NA,NA,NA,NA,NA,NA,NA,NA,NA,NA,NA,NA,NA,NA
BG_16,683027,NA,NA,NA,NA,NA,NA,NA,NA,NA,NA,NA,NA,NA,NA,NA,NA,NA
BG_17,125190,NA,NA,NA,NA,NA,NA,NA,NA,NA,NA,NA,NA,NA,NA,NA,NA,NA
BG_18,235252,NA,NA,NA,NA,NA,NA,NA,NA,NA,NA,NA,NA,NA,NA,NA,NA,NA
BG_19,119474,NA,NA,NA,NA,NA,NA,NA,NA,NA,NA,NA,NA,NA,NA,NA,NA,NA
BG_20,197473,NA,NA,NA,NA,NA,NA,NA,NA,NA,NA,NA,NA,NA,NA,NA,NA,NA
BG_21,109425,NA,NA,NA,NA,NA,NA,NA,NA,NA,NA,NA,NA,NA,NA,NA,NA,NA
BG_22,1291591,NA,NA,NA,NA,NA,NA,NA,NA,NA,NA,NA,NA,NA,NA,NA,NA,NA
BG_23,247489,NA,NA,NA,NA,NA,NA,NA,NA,NA,NA,NA,NA,NA,NA,NA,NA,NA
BG_24,333265,NA,NA,NA,NA,NA,NA,NA,NA,NA,NA,NA,NA,NA,NA,NA,NA,NA
BG_25,115211,NA,NA,NA,NA,NA,NA,NA,NA,NA,NA,NA,NA,NA,NA,NA,NA,NA
BG_26,246238,NA,NA,NA,NA,NA,NA,NA,NA,NA,NA,NA,NA,NA,NA,NA,NA,NA
BG_27,180528,NA,NA,NA,NA,NA,NA,NA,NA,NA,NA,NA,NA,NA,NA,NA,NA,NA
BG_28,123821,NA,NA,NA,NA,NA,NA,NA,NA,NA,NA,NA,NA,NA,NA,NA,NA,NA
BH,1701583,1100474,601109,174063,1467109,600433,NA,2238.925,0.824,218135,181855,306670,507733,256721,140231,66572,17818,5848
BI,11890781,5899864,5990917,9989403,1541177,954424,NA,463.037,0.417,3872447,2725292,2029581,1539547,747632,491974,339631,112129,32548
BJ,12123198,6054248,6068950,6153002,5648149,991000,NA,107.513,0.515,3596950,2779486,2061768,1436443,981832,650681,379183,184835,52020
BM,62273,32322,34524,0,63918,NA,NA,1245.46,NA,7430,7680,8063,7719,7253,10229,9484,5676,3313
BN,437483,226987,210496,95574,337711,NA,NA,83.014,0.853,66355,65084,69696,76568,68003,50221,28513,9569,3474
BO,11673029,5858019,5815010,3480065,8033035,1835355,4782916,10.775,0.693,2364587,2297696,2039534,1639099,1238343,883592,615318,391941,202919
BO_B,421196,245844,231257,NA,NA,NA,NA,NA,NA,114894,101373,81267,64355,47746,30429,20043,11250,5742
BO_C,1930143,1014487,1047329,NA,NA,NA,NA,NA,NA,423721,406810,365969,286304,215207,151490,109470,66113,36732
BO_H,581347,307201,319107,NA,NA,NA,NA,NA,NA,134774,128322,101782,80116,62527,44756,35791,23485,14755
BO_L,2719344,1532535,1572959,NA,NA,NA,NA,NA,NA,578346,576974,523619,458919,361613,250921,183688,111309,60104
BO_N,110436,108012,91837,NA,NA,NA,NA,NA,NA,49186,43060,38181,29314,19241,11092,6092,2685,1000
BO_O,494587,295487,302827,NA,NA,NA,NA,NA,NA,121001,110288,105263,84982,63033,47842,34014,20517,11375
BO_P,823517,465428,475659,NA,NA,NA,NA,NA,NA,211474,187983,141860,118965,93808,71915,56993,36051,22038
BO_S,2655084,1664888,1622335,NA,NA,NA,NA,NA,NA,704340,666871,622675,489322,346264,218287,135379,71842,32241
BO_T,482196,291115,293646,NA,NA,NA,NA,NA,NA,112835,111501,104077,88135,65184,43979,30817,18405,9828
BQ,26221,15971,15575,NA,NA,NA,NA,79.942,NA,3788,3565,3771,4747,4191,5594,3259,1975,657
BR,212559409,104435783,108123626,27807886,183241641,21846507,88861474,25.431,0.754,29076910,31160446,34104643,34476762,29462006,24421202,16896862,8801551,4159027
BR_AC,733559,368324,365235,NA,NA,NA,NA,NA,0.716,159523,164690,137753,106882,71409,46376,26841,13390,6695
BR_AC_120001,12538,6592,5946,NA,NA,NA,NA,NA,0.604,2673,2930,2054,1801,1328,898,533,214,107
BR_AC_120005,6072,3091,2981,NA,NA,NA,NA,NA,0.588,1494,1345,1098,836,547,375,213,109,54
BR_AC_120010,21398,11037,10361,NA,NA,NA,NA,NA,0.614,4354,4736,3790,3211,2264,1436,896,474,237
BR_AC_120013,8471,4569,3902,NA,NA,NA,NA,NA,0.589,1836,1916,1405,1223,811,656,407,144,72
BR_AC_120017,8798,4655,4143,NA,NA,NA,NA,NA,0.575,1980,2113,1294,1217,947,631,394,148,74
BR_AC_120020,78507,39220,39287,NA,NA,NA,NA,NA,0.664,18043,18800,14943,10842,6460,4381,2787,1500,750
BR_AC_120025,15100,7626,7474,NA,NA,NA,NA,NA,0.653,3082,3318,2733,2222,1621,986,636,334,167
BR_AC_120030,32412,16716,15696,NA,NA,NA,NA,NA,0.539,8875,8065,5610,3900,2605,1521,1092,496,248
BR_AC_120032,6577,3412,3165,NA,NA,NA,NA,NA,0.469,2238,1744,1092,717,392,215,90,59,29
BR_AC_120033,15206,7836,7370,NA,NA,NA,NA,NA,0.625,3822,3727,2757,1977,1164,854,523,254,127
BR_AC_120034,7981,4255,3726,NA,NA,NA,NA,NA,0.551,2093,1984,1367,1027,626,436,232,144,72
BR_AC_120035,14227,7463,6764,NA,NA,NA,NA,NA,0.501,4557,3896,2440,1493,857,499,287,132,66
BR_AC_120038,17209,8999,8210,NA,NA,NA,NA,NA,0.622,3821,3901,2745,2341,1801,1244,771,390,195
BR_AC_120039,9176,4794,4382,NA,NA,NA,NA,NA,0.532,3042,2411,1452,1029,558,366,177,94,47
BR_AC_120040,336038,163592,172446,NA,NA,NA,NA,NA,0.727,62424,69575,67770,54212,36973,23464,12366,6169,3084
BR_AC_120042,14389,7479,6910,NA,NA,NA,NA,NA,0.567,4090,3640,2435,1822,1043,664,438,171,85
BR_AC_120043,4691,2406,2285,NA,NA,NA,NA,NA,0.517,1569,1091,896,547,267,157,118,30,15
BR_AC_120045,20179,10328,9851,NA,NA,NA,NA,NA,0.64,4218,4426,3508,2884,2055,1491,911,457,228
BR_AC_120050,38029,19739,18290,NA,NA,NA,NA,NA,0.603,8498,8967,7313,5211,3276,2255,1403,737,368
BR_AC_120060,35590,18353,17237,NA,NA,NA,NA,NA,0.539,10133,8961,5997,4069,2710,1696,1118,604,302
BR_AC_120070,16091,8317,7774,NA,NA,NA,NA,NA,0.599,3430,3691,2743,2227,1575,1092,748,390,195
BR_AC_120080,14880,7845,7035,NA,NA,NA,NA,NA,0.576,3251,3453,2311,2074,1529,1059,701,334,167
BR_AL,3120494,1511767,1608727,NA,NA,NA,NA,NA,0.719,572198,651155,562061,458382,354729,245206,156574,80126,40063
BR_AL_270010,19377,9655,9722,NA,NA,NA,NA,NA,0.697,3962,4472,3142,2397,1927,1328,1176,648,324
BR_AL_270020,17424,8569,8855,NA,NA,NA,NA,NA,0.609,3212,3786,2980,2367,1917,1350,967,563,281
BR_AL_270030,214006,101884,112122,NA,NA,NA,NA,NA,0.649,36848,43255,39807,32174,25319,17004,11316,5522,2761
BR_AL_270040,44322,22209,22113,NA,NA,NA,NA,NA,0.594,9380,9990,7835,6079,4347,3224,2010,971,485
BR_AL_270050,14230,7077,7153,NA,NA,NA,NA,NA,0.594,2871,3333,2597,2043,1403,1002,587,262,131
BR_AL_270060,7574,3763,3811,NA,NA,NA,NA,NA,0.572,1410,1665,1459,1209,880,509,262,120,60
BR_AL_270070,17076,8386,8690,NA,NA,NA,NA,NA,0.609,3275,3645,3180,2294,1874,1231,905,448,224
BR_AL_270080,4551,2222,2329,NA,NA,NA,NA,NA,0.6,740,981,780,632,488,349,324,171,85
BR_AL_270090,7030,3550,3480,NA,NA,NA,NA,NA,0.565,1300,1732,1187,849,794,513,335,213,106
BR_AL_270100,25776,12769,13007,NA,NA,NA,NA,NA,0.604,4920,5612,4591,3690,2751,2028,1256,618,309
BR_AL_270110,10583,5379,5204,NA,NA,NA,NA,NA,0.513,2259,2536,1881,1332,970,802,500,202,101
BR_AL_270120,10195,5048,5147,NA,NA,NA,NA,NA,0.558,1921,2188,1689,1320,1102,785,635,370,185
BR_AL_270130,20409,10078,10331,NA,NA,NA,NA,NA,0.562,4283,4577,3790,2675,2062,1391,930,467,233
BR_AL_270135,6598,3288,3310,NA,NA,NA,NA,NA,0.582,1365,1587,1051,943,656,426,299,180,90
BR_AL_270140,50816,25025,25791,NA,NA,NA,NA,NA,0.595,10414,11242,10597,7362,4731,3151,2132,791,395
BR_AL_270150,9032,4437,4595,NA,NA,NA,NA,NA,0.547,1671,2122,1567,1179,930,692,463,272,136
BR_AL_270160,17250,8662,8588,NA,NA,NA,NA,NA,0.507,3878,4139,2629,2045,1688,1137,998,490,245
BR_AL_270170,17077,8430,8647,NA,NA,NA,NA,NA,0.569,3511,3799,2971,2265,1707,1249,876,466,233
BR_AL_270180,8290,4058,4232,NA,NA,NA,NA,NA,0.57,1941,1977,1373,993,773,473,388,248,124
BR_AL_270190,7146,3644,3502,NA,NA,NA,NA,NA,0.559,1545,1621,1151,974,703,496,385,180,90
BR_AL_270200,10926,5422,5504,NA,NA,NA,NA,NA,0.569,2014,2414,1844,1373,1219,883,651,352,176
BR_AL_270210,20019,10073,9946,NA,NA,NA,NA,NA,0.578,4243,4575,3407,2712,1899,1455,942,524,262
BR_AL_270220,5526,2756,2770,NA,NA,NA,NA,NA,0.586,1012,1091,1012,828,611,453,273,164,82
BR_AL_270230,52130,25748,26382,NA,NA,NA,NA,NA,0.626,10364,11194,9954,7602,5616,3647,2203,1033,516
BR_AL_270235,22641,11157,11484,NA,NA,NA,NA,NA,0.553,4337,5165,3981,2871,2433,1761,1215,585,292
BR_AL_270240,48096,23052,25044,NA,NA,NA,NA,NA,0.612,8909,9741,8654,6826,5395,3740,2729,1401,700
BR_AL_270250,10880,5454,5426,NA,NA,NA,NA,NA,0.547,2119,2462,1803,1440,1143,783,635,330,165
BR_AL_270255,17251,8404,8847,NA,NA,NA,NA,NA,0.545,2992,3625,2771,2198,1827,1503,1305,686,343
BR_AL_270260,21321,10561,10760,NA,NA,NA,NA,NA,0.556,4066,4719,3765,2819,2260,1583,1172,624,312
BR_AL_270270,4345,2131,2214,NA,NA,NA,NA,NA,0.609,824,1004,759,592,471,322,202,114,57
BR_AL_270280,12325,6232,6093,NA,NA,NA,NA,NA,0.554,2552,2929,1967,1636,1267,926,604,295,148
BR_AL_270290,36600,18165,18435,NA,NA,NA,NA,NA,0.535,7262,8411,6637,4753,3704,2652,1815,910,455
BR_AL_270300,15149,7573,7576,NA,NA,NA,NA,NA,0.58,3078,3679,2473,1854,1471,1129,769,463,231
BR_AL_270310,25188,12270,12918,NA,NA,NA,NA,NA,0.54,4574,5278,4307,3267,2665,2151,1669,851,425
BR_AL_270320,23292,11747,11545,NA,NA,NA,NA,NA,0.585,4240,5045,4416,3153,2366,1782,1132,772,386
BR_AL_270330,17898,8811,9087,NA,NA,NA,NA,NA,0.484,3973,4274,2899,2073,1727,1186,910,570,285
BR_AL_270340,5413,2671,2742,NA,NA,NA,NA,NA,0.571,1124,1208,913,712,580,385,270,147,73
BR_AL_270350,6997,3587,3410,NA,NA,NA,NA,NA,0.548,1415,1726,1216,942,681,451,328,158,79
BR_AL_270360,7754,3874,3880,NA,NA,NA,NA,NA,0.613,1730,1691,1366,1126,726,530,343,161,80
BR_AL_270370,5558,2805,2753,NA,NA,NA,NA,NA,0.58,1077,1173,1072,746,646,371,270,135,67
BR_AL_270375,12029,6128,5901,NA,NA,NA,NA,NA,0.66,2427,2733,2214,1763,1206,809,500,251,125
BR_AL_270380,22575,11520,11055,NA,NA,NA,NA,NA,0.54,5204,5191,3825,2920,2156,1596,971,474,237
BR_AL_270390,4202,2126,2076,NA,NA,NA,NA,NA,0.56,760,1002,685,568,474,329,216,112,56
BR_AL_270400,23836,11743,12093,NA,NA,NA,NA,NA,0.615,4377,5261,4325,3258,2532,1803,1240,693,346
BR_AL_270410,18250,8971,9279,NA,NA,NA,NA,NA,0.58,3375,4037,3142,2388,2002,1424,1108,515,258
BR_AL_270420,26992,13424,13568,NA,NA,NA,NA,NA,0.569,4906,5970,4902,3658,2947,2002,1474,755,377
BR_AL_270430,932748,436492,496256,NA,NA,NA,NA,NA,0.735,147475,169451,174543,155538,123535,83119,46014,22048,11024
BR_AL_270440,18897,9268,9629,NA,NA,NA,NA,NA,0.566,3504,4144,3148,2520,2074,1437,1133,624,312
BR_AL_270450,28749,14516,14233,NA,NA,NA,NA,NA,0.574,6016,6694,5220,4160,2861,1850,1177,514,257
BR_AL_270460,10284,5197,5087,NA,NA,NA,NA,NA,0.563,2019,2360,1741,1280,1128,735,551,313,156
BR_AL_270470,45977,22709,23268,NA,NA,NA,NA,NA,0.642,8588,9642,8307,7118,5275,3615,2038,929,464
BR_AL_270480,13619,6537,7082,NA,NA,NA,NA,NA,0.597,2364,2764,2417,1921,1422,1139,847,496,248
BR_AL_270490,3652,1821,1831,NA,NA,NA,NA,NA,0.577,642,731,558,542,409,329,222,146,73
BR_AL_270500,24698,12332,12366,NA,NA,NA,NA,NA,0.563,5354,5929,3967,2808,2356,1690,1396,798,399
BR_AL_270510,23785,11597,12188,NA,NA,NA,NA,NA,0.584,4802,5438,4144,3351,2350,1780,1092,552,276
BR_AL_270520,15682,7703,7979,NA,NA,NA,NA,NA,0.598,3267,3534,2907,2208,1567,1050,644,336,168
BR_AL_270530,5275,2616,2659,NA,NA,NA,NA,NA,0.569,862,1139,894,768,569,445,362,157,78
BR_AL_270540,6935,3358,3577,NA,NA,NA,NA,NA,0.573,1436,1713,1128,875,640,466,354,215,107
BR_AL_270550,26710,13278,13432,NA,NA,NA,NA,NA,0.58,5606,6049,4860,3590,2618,1825,1210,634,317
BR_AL_270560,12060,6120,5940,NA,NA,NA,NA,NA,0.521,2469,2763,2229,1631,1183,810,541,289,144
BR_AL_270570,20364,9722,10642,NA,NA,NA,NA,NA,0.686,3872,4598,3493,2748,2204,1453,1034,641,320
BR_AL_270580,8491,4278,4213,NA,NA,NA,NA,NA,0.542,1821,2048,1496,1048,833,510,421,209,104
BR_AL_270590,4957,2463,2494,NA,NA,NA,NA,NA,0.544,1059,1126,802,640,472,338,283,158,79
BR_AL_270600,11047,5561,5486,NA,NA,NA,NA,NA,0.493,2051,2689,1824,1406,1076,797,618,390,195
BR_AL_270610,10912,5437,5475,NA,NA,NA,NA,NA,0.667,2166,2466,1843,1442,1134,752,583,350,175
BR_AL_270620,5112,2474,2638,NA,NA,NA,NA,NA,0.571,1058,1308,779,655,470,309,285,165,82
BR_AL_270630,70368,33582,36786,NA,NA,NA,NA,NA,0.638,11913,13340,12202,10178,8253,5958,4618,2604,1302
BR_AL_270640,23811,11758,12053,NA,NA,NA,NA,NA,0.614,4383,5776,3993,3035,2465,1769,1234,770,385
BR_AL_270642,10264,5114,5150,NA,NA,NA,NA,NA,0.651,2104,2257,1656,1338,982,684,710,355,177
BR_AL_270644,11347,5590,5757,NA,NA,NA,NA,NA,0.617,2198,2490,2034,1785,1143,849,499,232,116
BR_AL_270650,14763,7512,7251,NA,NA,NA,NA,NA,0.563,3336,3257,2635,2106,1320,1005,579,350,175
BR_AL_270660,7426,3631,3795,NA,NA,NA,NA,NA,0.602,1353,1502,1354,993,748,610,464,268,134
BR_AL_270670,60378,29308,31070,NA,NA,NA,NA,NA,0.63,10660,12750,11086,8592,6862,4839,2917,1781,890
BR_AL_270680,17203,8615,8588,NA,NA,NA,NA,NA,0.613,3246,3795,3120,2365,1758,1279,860,520,260
BR_AL_270690,33305,16167,17138,NA,NA,NA,NA,NA,0.61,6461,6809,6095,4909,3580,2609,1647,796,398
BR_AL_270700,2866,1420,1446,NA,NA,NA,NA,NA,0.561,536,605,480,401,326,260,106,101,50
BR_AL_270710,23045,11294,11751,NA,NA,NA,NA,NA,0.607,5012,5581,3938,3043,2331,1486,990,442,221
BR_AL_270720,13872,7002,6870,NA,NA,NA,NA,NA,0.499,3035,3383,2298,1698,1409,931,615,335,167
BR_AL_270730,25708,12754,12954,NA,NA,NA,NA,NA,0.586,5283,5910,4374,3728,2611,1760,1085,638,319
BR_AL_270740,8429,4270,4159,NA,NA,NA,NA,NA,0.499,1711,1744,1536,1165,894,666,375,225,112
BR_AL_270750,19334,9594,9740,NA,NA,NA,NA,NA,0.566,3594,4270,3450,2547,2012,1485,1048,618,309
BR_AL_270760,11480,5671,5809,NA,NA,NA,NA,NA,0.574,2021,2534,1974,1624,1172,938,677,360,180
BR_AL_270770,68481,33301,35180,NA,NA,NA,NA,NA,0.643,12345,14225,11881,10771,8331,5415,3126,1591,795
BR_AL_270780,6656,3369,3287,NA,NA,NA,NA,NA,0.522,1648,1466,1221,907,531,423,295,110,55
BR_AL_270790,6891,3370,3521,NA,NA,NA,NA,NA,0.597,1326,1440,1214,1091,674,523,353,180,90
BR_AL_270800,44932,21811,23121,NA,NA,NA,NA,NA,0.616,8976,10029,7875,6058,4711,3119,2215,1299,649
BR_AL_270810,10961,5490,5471,NA,NA,NA,NA,NA,0.558,2071,2588,1951,1433,1082,857,534,296,148
BR_AL_270820,6718,3334,3384,NA,NA,NA,NA,NA,0.572,1252,1503,1030,915,739,523,397,239,119
BR_AL_270830,22686,11172,11514,NA,NA,NA,NA,NA,0.668,4501,5338,3735,3026,2273,1741,1091,654,327
BR_AL_270840,30088,14850,15238,NA,NA,NA,NA,NA,0.527,6712,7811,4861,3433,2748,1802,1465,837,418
BR_AL_270850,32412,16328,16084,NA,NA,NA,NA,NA,0.582,7213,7720,5791,4461,2985,2115,1228,599,299
BR_AL_270860,54577,26565,28012,NA,NA,NA,NA,NA,0.623,10539,11111,10675,8194,6016,4056,2329,1104,552
BR_AL_270870,7163,3563,3600,NA,NA,NA,NA,NA,0.591,1406,1418,1274,1127,736,538,362,201,100
BR_AL_270880,32010,15851,16159,NA,NA,NA,NA,NA,0.655,6465,7145,5698,4251,3213,2423,1578,824,412
BR_AL_270890,14603,7106,7497,NA,NA,NA,NA,NA,0.66,2365,3012,2747,2326,1961,1130,613,299,149
BR_AL_270895,13047,6405,6642,NA,NA,NA,NA,NA,0.507,2945,3325,2084,1525,1229,752,668,346,173
BR_AL_270900,6122,3020,3102,NA,NA,NA,NA,NA,0.586,1043,1314,1057,828,645,481,415,226,113
BR_AL_270910,19020,9237,9783,NA,NA,NA,NA,NA,0.59,3469,4108,3180,2464,2025,1565,1287,614,307
BR_AL_270915,41152,20164,20988,NA,NA,NA,NA,NA,0.564,8858,9593,7270,5670,3990,2820,1797,769,384
BR_AL_270920,25702,12951,12751,NA,NA,NA,NA,NA,0.532,5381,6172,4102,3119,2568,1800,1390,780,390
BR_AL_270930,62358,30171,32187,NA,NA,NA,NA,NA,0.6,12059,13787,11005,8534,6457,4705,3227,1722,861
BR_AL_270940,25407,12410,12997,NA,NA,NA,NA,NA,0.607,4687,5604,4319,3593,2727,2045,1285,764,382
BR_AL_MCZ,932748,436492,496256,NA,NA,NA,NA,NA,0.735,147475,169451,174543,155538,123535,83119,46014,22048,11024
BR_AM,3483985,1753179,1730806,NA,NA,NA,NA,NA,0.737,755584,765223,663036,518352,349377,222188,121269,59304,29652
BR_AM_130002,14088,7416,6672,NA,NA,NA,NA,NA,0.527,4390,3503,2312,1592,984,630,396,187,93
BR_AM_130006,9467,4902,4565,NA,NA,NA,NA,NA,0.56,2406,2392,1734,1265,740,446,291,128,64
BR_AM_130008,10214,5446,4768,NA,NA,NA,NA,NA,0.594,2539,2505,1848,1389,857,482,325,179,89
BR_AM_130010,16317,8511,7806,NA,NA,NA,NA,NA,0.561,4013,4102,2874,2242,1378,752,515,294,147
BR_AM_130014,18007,9551,8456,NA,NA,NA,NA,NA,0.637,3456,3832,3625,2795,2013,1321,671,195,97
BR_AM_130020,15153,7852,7301,NA,NA,NA,NA,NA,0.45,4055,3797,3010,1872,1180,606,364,179,89
BR_AM_130030,32135,16989,15146,NA,NA,NA,NA,NA,0.577,8411,7780,5051,3877,2861,1880,1256,679,339
BR_AM_130040,25718,13816,11902,NA,NA,NA,NA,NA,0.5,5383,6407,5625,3116,2128,1548,1012,332,166
BR_AM_130050,27355,14312,13043,NA,NA,NA,NA,NA,0.574,8052,6956,4053,2999,2081,1395,923,597,298
BR_AM_130060,33411,17260,16151,NA,NA,NA,NA,NA,0.574,9406,8187,5898,3778,2583,1650,1025,589,294
BR_AM_130063,15486,8146,7340,NA,NA,NA,NA,NA,0.506,4693,3894,2437,1623,1161,779,490,272,136
BR_AM_130068,14979,7945,7034,NA,NA,NA,NA,NA,0.565,4044,3902,2477,1749,1163,801,449,262,131
BR_AM_130070,30632,15947,14685,NA,NA,NA,NA,NA,0.588,7125,7305,5312,4101,2721,1873,1242,635,317
BR_AM_130080,34961,18237,16724,NA,NA,NA,NA,NA,0.56,9249,8742,6144,4100,2661,1860,1102,735,367
BR_AM_130083,10975,5812,5163,NA,NA,NA,NA,NA,0.569,2741,2725,1961,1444,865,616,378,163,81
BR_AM_130090,12738,6872,5866,NA,NA,NA,NA,NA,0.53,2704,2780,2366,1872,1323,869,517,204,102
BR_AM_130100,25774,13259,12515,NA,NA,NA,NA,NA,0.549,6821,6797,4348,3024,2087,1265,821,407,203
BR_AM_130110,32734,16990,15744,NA,NA,NA,NA,NA,0.557,7537,7655,5545,4686,3097,2129,1232,568,284
BR_AM_130115,23930,12688,11242,NA,NA,NA,NA,NA,0.569,4972,5476,3808,3443,2621,1651,1165,529,264
BR_AM_130120,75965,39476,36489,NA,NA,NA,NA,NA,0.586,18241,19149,15309,9589,5853,3827,2248,1166,583
BR_AM_130130,23206,12107,11099,NA,NA,NA,NA,NA,0.563,5632,5809,4289,3048,1946,1176,745,374,187
BR_AM_130140,30665,15779,14886,NA,NA,NA,NA,NA,0.563,8412,7678,5391,3579,2355,1539,1000,474,237
BR_AM_130150,16338,8392,7946,NA,NA,NA,NA,NA,0.509,4415,4293,2954,2009,1204,669,401,262,131
BR_AM_130160,22817,11824,10993,NA,NA,NA,NA,NA,0.53,6324,5490,4251,2717,1616,1113,724,388,194
BR_AM_130165,13974,7265,6709,NA,NA,NA,NA,NA,0.532,3815,3810,2381,1568,1125,617,388,180,90
BR_AM_130170,44227,23204,21023,NA,NA,NA,NA,NA,0.605,9773,11052,8254,5683,4006,2654,1660,763,381
BR_AM_130180,22254,11355,10899,NA,NA,NA,NA,NA,0.481,7095,5049,3897,2695,1669,868,600,254,127
BR_AM_130185,40781,20996,19785,NA,NA,NA,NA,NA,0.613,9796,9360,6864,5499,3726,2628,1671,824,412
BR_AM_130190,86839,44426,42413,NA,NA,NA,NA,NA,0.644,20177,20033,14785,11873,7924,5718,3495,1889,944
BR_AM_130195,8038,4236,3802,NA,NA,NA,NA,NA,0.477,2268,2000,1497,1016,571,333,243,73,36
BR_AM_130200,8211,4299,3912,NA,NA,NA,NA,NA,0.654,1936,1994,1367,1032,721,527,369,176,88
BR_AM_130210,7326,3835,3491,NA,NA,NA,NA,NA,0.522,1982,1899,1375,894,616,297,133,86,43
BR_AM_130220,10802,5548,5254,NA,NA,NA,NA,NA,0.522,3041,2782,1931,1300,795,448,291,142,71
BR_AM_130230,17992,9432,8560,NA,NA,NA,NA,NA,0.516,5815,4371,2975,1934,1245,749,531,248,124
BR_AM_130240,37701,19638,18063,NA,NA,NA,NA,NA,0.531,9525,9026,6875,4576,3212,2182,1331,649,324
BR_AM_130250,85141,43461,41680,NA,NA,NA,NA,NA,0.614,20132,20833,14975,11016,7408,4940,3181,1770,885
BR_AM_130255,22801,11744,11057,NA,NA,NA,NA,NA,0.596,5679,5310,3996,2827,2132,1334,919,402,201
BR_AM_130260,1802014,879742,922272,NA,NA,NA,NA,NA,0.737,328431,356046,365847,306638,207900,129071,63695,29590,14795
BR_AM_130270,47017,24684,22333,NA,NA,NA,NA,NA,0.582,11281,11793,8293,5986,4021,2635,1720,858,429
BR_AM_130280,17528,9407,8121,NA,NA,NA,NA,NA,0.498,5074,4452,3376,2082,1208,656,421,172,86
BR_AM_130290,52236,27283,24953,NA,NA,NA,NA,NA,0.588,14276,12602,8647,5913,4193,3244,1622,1159,579
BR_AM_130300,18278,9496,8782,NA,NA,NA,NA,NA,0.586,4416,4494,3017,2243,1619,1091,744,436,218
BR_AM_130310,30696,15748,14948,NA,NA,NA,NA,NA,0.558,7487,7740,5553,3717,2624,1720,882,648,324
BR_AM_130320,14723,7607,7116,NA,NA,NA,NA,NA,0.57,3568,3402,2680,1844,1311,965,524,286,143
BR_AM_130330,21451,11429,10022,NA,NA,NA,NA,NA,0.554,5062,5156,3892,2828,1882,1228,781,414,207
BR_AM_130340,102033,52304,49729,NA,NA,NA,NA,NA,0.658,24648,25305,17230,12667,8831,6199,3789,2242,1121
BR_AM_130350,18166,9490,8676,NA,NA,NA,NA,NA,0.496,5119,4431,3495,2143,1292,839,522,216,108
BR_AM_130353,27175,14350,12825,NA,NA,NA,NA,NA,0.647,6014,6185,4692,3916,2881,2031,994,308,154
BR_AM_130356,25719,13406,12313,NA,NA,NA,NA,NA,0.611,5534,5633,5100,3884,2458,1697,907,337,168
BR_AM_130360,18146,9322,8824,NA,NA,NA,NA,NA,0.479,5613,4322,2919,2068,1369,800,588,311,155
BR_AM_130370,24481,12592,11889,NA,NA,NA,NA,NA,0.496,7058,6192,4282,2997,1803,1060,584,336,168
BR_AM_130380,37896,19463,18433,NA,NA,NA,NA,NA,0.609,9685,8731,6413,4912,3379,2169,1503,736,368
BR_AM_130390,31422,16266,15156,NA,NA,NA,NA,NA,0.521,8704,7752,5461,3783,2609,1332,1026,503,251
BR_AM_130395,10705,5680,5025,NA,NA,NA,NA,NA,0.577,2803,2730,1844,1329,834,592,364,139,69
BR_AM_130400,8444,4498,3946,NA,NA,NA,NA,NA,0.632,2234,2076,1224,1021,747,591,312,159,79
BR_AM_130406,52272,26359,25913,NA,NA,NA,NA,NA,0.616,13952,12063,9634,6805,4361,2713,1586,772,386
BR_AM_130410,19077,10075,9002,NA,NA,NA,NA,NA,0.502,5063,4866,3532,2228,1498,962,532,264,132
BR_AM_130420,61453,31518,29935,NA,NA,NA,NA,NA,0.639,16156,14724,11232,7877,4836,3117,1985,1017,508
BR_AM_130423,17079,8777,8302,NA,NA,NA,NA,NA,0.548,4822,4412,3021,2068,1246,699,457,236,118
BR_AM_130426,11891,6332,5559,NA,NA,NA,NA,NA,0.527,3587,2796,2122,1493,820,521,336,144,72
BR_AM_130430,17094,8854,8240,NA,NA,NA,NA,NA,0.62,4511,4185,2569,2057,1544,1020,682,350,175
BR_AM_130440,17837,9529,8308,NA,NA,NA,NA,NA,0.588,4431,4460,3167,2031,1483,1064,609,394,197
BR_AM_MAO,1802014,879742,922272,NA,NA,NA,NA,NA,0.737,328431,356046,365847,306638,207900,129071,63695,29590,14795
BR_AP,669526,335135,334391,NA,NA,NA,NA,NA,0.748,142629,152505,132350,102046,66237,39483,20021,9503,4751
BR_AP_160005,4380,2333,2047,NA,NA,NA,NA,NA,0.709,1050,990,791,637,418,284,147,42,21
BR_AP_160010,8069,4211,3858,NA,NA,NA,NA,NA,0.642,1872,1946,1453,1116,714,477,285,137,68
BR_AP_160015,10772,5866,4906,NA,NA,NA,NA,NA,0.626,2703,2373,2046,1416,1045,650,340,132,66
BR_AP_160020,9000,4821,4179,NA,NA,NA,NA,NA,0.643,2253,1988,1488,1212,979,623,280,118,59
BR_AP_160021,4696,2424,2272,NA,NA,NA,NA,NA,0.628,1252,1201,815,570,385,262,117,62,31
BR_AP_160023,5802,3046,2756,NA,NA,NA,NA,NA,0.656,1430,1412,925,849,487,350,209,93,46
BR_AP_160025,4265,2320,1945,NA,NA,NA,NA,NA,0.576,1114,1084,709,516,367,241,132,68,34
BR_AP_160027,39942,20434,19508,NA,NA,NA,NA,NA,0.665,9256,9446,7573,5738,3994,2215,1040,453,226
BR_AP_160030,398204,195613,202591,NA,NA,NA,NA,NA,0.733,79152,87873,81487,64097,41050,24037,11803,5803,2901
BR_AP_160040,17032,8974,8058,NA,NA,NA,NA,NA,0.592,4588,4486,2740,1939,1410,888,579,268,134
BR_AP_160050,20509,10704,9805,NA,NA,NA,NA,NA,0.658,5091,4663,3862,3076,2043,1095,451,152,76
BR_AP_160053,16809,8872,7937,NA,NA,NA,NA,NA,0.64,4029,3925,2940,2343,1667,1038,541,217,108
BR_AP_160055,3793,1997,1796,NA,NA,NA,NA,NA,0.614,1135,860,644,478,300,194,105,51,25
BR_AP_160060,101262,50414,50848,NA,NA,NA,NA,NA,0.692,21315,23843,20534,15005,9309,5688,3229,1559,779
BR_AP_160070,12563,6679,5884,NA,NA,NA,NA,NA,0.592,3412,3163,2038,1418,1029,800,431,181,90
BR_AP_160080,12428,6427,6001,NA,NA,NA,NA,NA,0.619,2977,3252,2305,1636,1040,641,332,163,81
BR_BA,14016906,6878266,7138640,NA,NA,NA,NA,NA,0.735,2250532,2666842,2613223,2153172,1684569,1197362,776980,449484,224742
BR_BA_290010,8316,4082,4234,NA,NA,NA,NA,NA,0.603,995,1283,1286,1107,1076,982,704,588,294
BR_BA_290020,17064,8564,8500,NA,NA,NA,NA,NA,0.595,3446,3673,3091,2370,1673,1152,881,518,259
BR_BA_290030,14653,7208,7445,NA,NA,NA,NA,NA,0.582,2741,3090,2356,1931,1558,1196,862,612,306
BR_BA_290035,15702,7907,7795,NA,NA,NA,NA,NA,0.546,2591,3272,2849,2166,1832,1219,957,544,272
BR_BA_290040,15731,7903,7828,NA,NA,NA,NA,NA,0.55,2471,3463,2838,2057,1512,1199,1145,697,348
BR_BA_290050,10859,5422,5437,NA,NA,NA,NA,NA,0.584,1521,2070,2078,1442,1229,936,784,532,266
BR_BA_290060,4602,2351,2251,NA,NA,NA,NA,NA,0.583,764,878,791,550,516,485,288,220,110
BR_BA_290070,141949,67212,74737,NA,NA,NA,NA,NA,0.683,20560,25495,27186,23497,18537,11959,7761,4636,2318
BR_BA_290080,21271,10815,10456,NA,NA,NA,NA,NA,0.608,3990,4497,3727,2934,2259,1817,1142,603,301
BR_BA_290090,6357,3200,3157,NA,NA,NA,NA,NA,0.563,942,1297,1017,789,719,664,469,306,153
BR_BA_290100,34351,16647,17704,NA,NA,NA,NA,NA,0.625,5449,6644,5836,5132,3919,2792,2017,1708,854
BR_BA_290110,25190,12283,12907,NA,NA,NA,NA,NA,0.666,4109,4838,4604,3906,3017,2160,1427,752,376
BR_BA_290115,15961,8073,7888,NA,NA,NA,NA,NA,0.561,3131,3515,2542,2172,1760,1233,839,512,256
BR_BA_290120,25516,12892,12624,NA,NA,NA,NA,NA,0.54,3896,5005,3915,3392,2908,2474,1986,1293,646
BR_BA_290130,13960,7181,6779,NA,NA,NA,NA,NA,0.555,2700,3241,2444,1738,1333,1033,823,432,216
